{
    "name": "Slimy Teasing",
    "cost": "5",
    "costType": "ep",
    "requiredLevel": "0",
    "learningCost": "100",
    "skillType": "attack",
    "statType": "Allure",
    "requiredStat": "4",
    "skillTags": [ "Breasts", "Seduction"],
    "fetishTags": [ "Monstrous"],
    "startsStance": "",
    "requiresStance": "Enfolded",
    "unusableIfStance": [ ""],
    "requiresTargetStance": [ "Any"],
    "unusableIfTarget": [ "Sex", "Anal", "Blowjob", "Titfuck", "Footjob", "Tailjob"],
    "removesStance": "None",
    "requiresStatusEffect": "Restrain",
    "requiresStatusPotency": "0",
    "unusableIfStatusEffect": [ "None"],
    "power": "35",
    "minRange": "90",
    "maxRange": "110",
    "recoil": "0",
    "targetType": "single",
    "statusEffect": "Power",
    "statusChance": "80",
    "statusDuration": "8",
    "statusPotency": "-10",
	  "statusEffectScaling": "0",
    "statusResistedBy": "Power",
    "statusText": "Gaunt's Grasp",
    "descrip": "She wriggle ya nipnops.",
    "outcome": "With [TargetName] firmly in her grasp, [AttackerName] brings [AttackerHisOrHer] body against [TargetHisOrHer], sensually rubbing [AttackerHimOrHer]self against [TargetHimOrHer], moaning sultrily as her soft, wriggly tentacles tease [TargetHisOrHer] nipples, making [TargetHimOrHer] shudder as they get slathered in unctuous slime and irresistible pleasure courses through [TargetHisOrHer] body.",
    "miss": "[AttackerName] brings [AttackerHisOrHer] body against [TargetHisOrHer], sensually rubbing [AttackerHimOrHer]self against [TargetHimOrHer] and sensually teasing [TargetHisOrHer] nipples, but [TargetName] resists the unctuous pleasure!",
    "statusOutcome": "[TargetName] gasps as [TargetHeOrShe] feels [TargetHisOrHer] strength get sapped by [AttackerName]'s slime, [TargetHisOrHer] muscles growing weak and unresponsive! Your Power has been lowered!",
    "statusMiss": "",
    "restraintStruggle": "",
    "restraintStruggleCharmed": "",
    "restraintEscaped": "",
    "restraintEscapedFail": ""
}
