{
    "name": "Slimy Licking",
    "cost": "5",
    "costType": "ep",
    "requiredLevel": "0",
    "learningCost": "100",
    "skillType": "attack",
    "statType": "Allure",
    "requiredStat": "4",
    "skillTags": [ "Mouth"],
    "fetishTags": [ "Kissing", "Monstrous"],
    "startsStance": "",
    "requiresStance": "Enfolded",
    "unusableIfStance": [ ""],
    "requiresTargetStance": [ ""],
    "unusableIfTarget": [ ""],
    "removesStance": "None",
    "requiresStatusEffect": "Restrain",
    "requiresStatusPotency": "0",
    "unusableIfStatusEffect": [ "None"],
    "power": "40",
    "minRange": "90",
    "maxRange": "110",
    "recoil": "10",
    "targetType": "single",
    "statusEffect": "Intelligence",
    "statusChance": "80",
    "statusDuration": "8",
    "statusPotency": "-10",
	"statusEffectScaling": "0",
    "statusResistedBy": "Willpower",
    "statusText": "Gaunt's Venom",
    "descrip": "Licky.",
    "outcome": "[AttackerName] sticks out [AttackerHisOrHer] long, slime-coated tongue, letting [TargetName] have a good look at it before [AttackerHeOrShe] starts licking [TargetHimOrHer] all over, lapping at [TargetHisOrHer] ears, cheeks, and lips, occasionally taking a playful little nibble, thoroughly tasting [TargetHimOrHer] with obvious glee while [TargetName] remains slack-jawed, slathered in [AttackerHisOrHer] unctuous saliva.",
    "miss": "[AttackerName] attempts to assault [TargetName] with [AttackerHisOrHer] long tongue, but [TargetHeOrShe] twists [TargetHisOrHer] head this way and that, refusing to let [AttackerHimOrHer] taste [TargetHimOrHer]!",
    "statusOutcome": "[AttackerName]'s sweet goo seems to seep right into [TargetName]'s skin and into [TargetHisOrHer] brain, befuddling [TargetHimOrHer]! Your Intelligence has been lowered!",
    "statusMiss": "",
    "restraintStruggle": "",
    "restraintStruggleCharmed": "",
    "restraintEscaped": "",
    "restraintEscapedFail": ""
}
