{
    "name": "Slimy Puff Puff",
    "cost": "5",
    "costType": "ep",
    "requiredLevel": "0",
    "learningCost": "100",
    "skillType": "attack",
    "statType": "Allure",
    "requiredStat": "4",
    "skillTags": [ "Seduction"],
    "fetishTags": [ "Breasts"],
    "startsStance": "",
    "requiresStance": "Enfolded",
    "unusableIfStance": [ ""],
    "requiresTargetStance": [ "Any"],
    "unusableIfTarget": [ "Sex", "Anal", "Blowjob", "Titfuck", "Footjob", "Tailjob"],
    "removesStance": "None",
    "requiresStatusEffect": "Restrain",
    "requiresStatusPotency": "0",
    "unusableIfStatusEffect": [ "None"],
    "power": "35",
    "minRange": "90",
    "maxRange": "110",
    "recoil": "0",
    "targetType": "single",
    "statusEffect": "Technique",
    "statusChance": "80",
    "statusDuration": "8",
    "statusPotency": "-10",
	"statusEffectScaling": "0",
    "statusResistedBy": "Willpower",
    "statusText": "Gaunt's Embrace",
    "descrip": "Booby time!",
    "outcome": "Firmly enfolded in [AttackerName]'s wings, [TargetName] can only powerlessly watch as [AttackerHeOrShe] arches [AttackerHisOrHer] back, bringing [AttackerHisOrHer] ample breasts level with [TargetHisOrHer] face. Giggling contentedly, [AttackerHeOrShe] presses [AttackerHisOrHer] perky boobs against [TargetHimOrHer], filling [TargetHisOrHer] vision and smell with [AttackerHisOrHer] tits, rubbing them against [TargetHisOrHer] face with care, slathering [TargetHimOrHer] in [AttackerHisOrHer] intoxicating goo.",
    "miss": "[AttackerName] arches [AttackerHisOrHer] back and tries to rub [AttackerHisOrHer] tits against [TargetHisOrHer] face, but much to [AttackerHisOrHer] annoyance, [TargetHeOrShe] squirms away, frustrating [AttackerHisOrHer] attempts!",
    "statusOutcome": "Engulfed in [AttackerName]'s sweet, soft, slimy breasts, [TargetName] drowns in [AttackerHisOrHer] lovely mounds, growing disoriented from the mammary assault overloading [TargetHisOrHer] senses! Your Technique has been lowered!",
    "statusMiss": "",
    "restraintStruggle": "",
    "restraintStruggleCharmed": "",
    "restraintEscaped": "",
    "restraintEscapedFail": ""
}
