{
    "name": "Slimy Sucking",
    "cost": "0",
    "costType": "ep",
    "requiredLevel": "0",
    "learningCost": "0",
    "skillType": "attack",
    "statType": "Technique",
    "requiredStat": "0",
    "skillTags": ["Sex"],
    "fetishTags": ["Oral"],
    "startsStance": "",
    "requiresStance": "Blowjob",
    "unusableIfStance": [""],
    "requiresTargetStance": ["Blowjob"],
    "unusableIfTarget": ["Sex", "Anal"],
    "removesStance": "None",
    "requiresStatusEffect": "None",
    "requiresStatusPotency": "0",
    "unusableIfStatusEffect": ["None"],
    "power": "35",
    "minRange": "90",
    "maxRange": "110",
    "recoil": "0",
    "targetType": "single",
    "statusEffect": "Allure",
    "statusChance": "75",
    "statusDuration": "8",
    "statusPotency": "-10",
	"statusEffectScaling": "0",
    "statusResistedBy": "Willpower",
    "statusText": "Gaunt's Feast",
    "descrip": "E A T",
    "outcome": "[AttackerName] eagerly blows [TargetName]'s cock, looking up to [TargetHimOrHer] with a hungry look in her eyes and delighting in [TargetHisOrHer] pleasured expression as [TargetHisOrHer] penis is coated in her slimy saliva!",
    "miss": "[AttackerName] eagerly blows [TargetName]'s cock, but [TargetHeOrShe] endures the sensation of [AttackerHisOrHer] gooey saliva as best [TargetHeOrShe] can!",
    "statusOutcome": "[ThePlayerName] is left overwhelmed and unable to respond to [AttackerName]'s amorous blowjob! Your Allure has been lowered!",
    "statusMiss": "",
    "restraintStruggle": "",
    "restraintStruggleCharmed": "",
    "restraintEscaped": "",
    "restraintEscapedFail": ""
}
