{
    "name": "Slimy Kissing",
    "cost": "5",
    "costType": "ep",
    "requiredLevel": "0",
    "learningCost": "100",
    "skillType": "attack",
    "statType": "Allure",
    "requiredStat": "4",
    "skillTags": [ "Mouth"],
    "fetishTags": [ "Kissing"],
    "startsStance": "",
    "requiresStance": "Making Out",
    "unusableIfStance": [ ""],
    "requiresTargetStance": [ "Making Out"],
    "unusableIfTarget": [ ""],
    "removesStance": "None",
    "requiresStatusEffect": "",
    "requiresStatusPotency": "0",
    "unusableIfStatusEffect": [ "None"],
    "power": "35",
    "minRange": "90",
    "maxRange": "110",
    "recoil": "10",
    "targetType": "single",
    "statusEffect": "Intelligence",
    "statusChance": "80",
    "statusDuration": "8",
    "statusPotency": "-10",
	"statusEffectScaling": "0",
    "statusResistedBy": "Willpower",
    "statusText": "Gaunt's Venom",
    "descrip": "Kissy kissy.",
    "outcome": "[AttackerHisOrHer] neck tentacles parting to make way for [AttackerHisOrHer] hungry mouth, [AttackerName] ravenously claims [TargetName]'s lips, hungrily devouring [TargetHimOrHer] and sucking on [TargetHisOrHer] tongue as [AttackerHeOrShe] relentlessly kisses [TargetHimOrHer], pouring [AttackerHisOrHer] sweet saliva down [TargetHisOrHer] throat, gasping and sighing throatily through the makeout session, inflaming [TargetName]'s lust.",
    "miss": "[AttackerName] tries to claim [TargetName]'s lips, but [TargetHeOrShe] wrestles [AttackerHisOrHer] tongue away, fending off [AttackerHisOrHer] assault!",
    "statusOutcome": "Melting from [AttackerName]'s kiss, [TargetName] feels [TargetHisOrHer] mind growing hazy, [TargetHisOrHer] thoughts floating away in happy little clouds, the better to focus on [AttackerName]'s loving kissing session. Your Intelligence has been lowered!",
    "statusMiss": "",
    "restraintStruggle": "",
    "restraintStruggleCharmed": "",
    "restraintEscaped": "",
    "restraintEscapedFail": ""
}
