{
    "name": "Slimy Grinding",
    "cost": "5",
    "costType": "ep",
    "requiredLevel": "0",
    "learningCost": "0",
    "skillType": "attack",
    "statType": "Core",
    "requiredStat": "0",
    "skillTags": [ "Sex", "Cock"],
    "fetishTags": [ "Penetration"],
    "startsStance": "",
    "requiresStance": "Penetration",
    "unusableIfStance": [ "Blowjob"],
    "requiresTargetStance": [ "Penetration"],
    "unusableIfTarget": [ ""],
    "removesStance": "None",
    "requiresStatusEffect": "None",
    "requiresStatusPotency": "0",
    "unusableIfStatusEffect": [ "None"],
    "power": "40",
    "minRange": "90",
    "maxRange": "110",
    "recoil": "15",
    "targetType": "single",
    "statusEffect": "Allure",
    "statusChance": "75",
    "statusDuration": "8",
    "statusPotency": "-10",
   	"statusEffectScaling": "0",
    "statusResistedBy": "Willpower",
    "statusText": "Gaunt's Feast",
    "descrip": "Give it to me. That thing... your pp.",
    "outcome": "[AttackerName] grinds herself into [TargetName] as she eagerly rides [TargetHisOrHer] cock, a lust-filled look on her face as she gives [TargetHimOrHer] no rest, covering [TargetHisOrHer] crotch with her lewd mucus!",
    "miss": "[AttackerName] grinds herself into [TargetName], but [TargetHeOrShe] resists the pleasure as best [TargetHeOrShe] can!",
    "statusOutcome": "[ThePlayerName] is left overwhelmed and unable to respond to [AttackerName]'s sensual grinding! Your Allure has been lowered!",
    "statusMiss": "",
    "restraintStruggle": "",
    "restraintStruggleCharmed": "",
    "restraintEscaped": "",
    "restraintEscapedFail": ""
}
