{
    "name": "Predatory Glare",
    "cost": "20",
    "costType": "ep",
    "requiredLevel": "0",
    "learningCost": "1000",
    "skillType": "attack",
    "statType": "Allure",
    "statusEffectScaling": "0",
    "requiredStat": "5",
    "skillTags": [ "Buffs", "Seduction"],
    "fetishTags": [ ""],
    "startsStance": "",
    "requiresStance": "Any",
    "unusableIfStance": [ ""],
    "requiresTargetStance": [ "Any"],
    "unusableIfTarget": [ ""],
    "removesStance": "None",
    "requiresStatusEffect": "None",
    "requiresStatusPotency": "0",
    "unusableIfStatusEffectSelf": [ "Crit"],
    "unusableIfStatusEffect": [ ""],
    "power": "10",
    "minRange": "100",
    "maxRange": "100",
    "recoil": "0",
    "targetType": "single",
    "statusEffect": "Crit",
    "statusChance": "100",
    "statusDuration": "8",
    "statusPotency": "15",
    "statusResistedBy": "",
    "statusText": "Gaunt's Hunger",
    "descrip": "Target detected: pp",
    "outcome": "[AttackerName] glares at [AttackerName] with a trembling, lust-hungry glare, huffing audibly as [AttackerName] locks [AttackerName] eyes to [AttackerName] crotch, sensing [AttackerName] vulnerable spots!",
    "miss": "[AttackerName] glares at [AttackerName] with a trembling, lust-hungry glare, but [AttackerName] pays no mind!",
    "statusOutcome": "",
    "statusMiss": "",
    "restraintStruggle": "",
    "restraintStruggleCharmed": "",
    "restraintEscaped": "",
    "restraintEscapedFail": ""
}
