{
    "name": "Slimy Lather",
    "cost": "0",
    "costType": "ep",
    "requiredLevel": "0",
    "learningCost": "0",
    "skillType": "statusEffect",
    "statType": "Technique",
    "requiredStat": "0",
    "skillTags": [ "Afflictions"],
    "fetishTags": [ ""],
    "startsStance": "",
    "requiresStance": "Any",
    "unusableIfStance": [ "Any"],
    "requiresTargetStance": [ "Any"],
    "unusableIfTarget": [ ""],
    "removesStance": "None",
    "requiresStatusEffect": "None",
    "requiresStatusPotency": "0",
    "unusableIfStatusEffect": [ "Defence"],
    "power": "0",
    "minRange": "100",
    "maxRange": "100",
    "recoil": "0",
    "targetType": "single",
    "statusEffect": "Defence",
    "statusChance": "110",
    "statusDuration": "8",
    "statusPotency": "-30",
	"statusEffectScaling": "0",
    "statusResistedBy": "Technique",
    "statusText": "Sensitizing Mucus",
    "descrip": "Shoot your goo, my dude.",
    "outcome": "",
    "miss": "",
    "statusOutcome": "[AttackerName] hurls a splash of her gooey slime at [TargetName], making [TargetHimOrHer] shudder in pleasure as the lewd substance causes [TargetHisOrHer] skin to grow sensitive!",
    "statusMiss": "[AttackerName] hurls a splash of her gooey slime at [TargetName], but [TargetHeOrShe] sidesteps out of the way!",
    "restraintStruggle": "",
    "restraintStruggleCharmed": "",
    "restraintEscaped": "",
    "restraintEscapedFail": ""
}
