{
    "name": "Slimy Allure",
    "cost": "0",
    "costType": "ep",
    "requiredLevel": "0",
    "learningCost": "100",
    "skillType": "attack",
    "statType": "Allure",
    "requiredStat": "5",
    "skillTags": [ "Seduction"],
    "fetishTags": [ "Monstrous"],
    "startsStance": "",
    "requiresStance": "Any",
    "unusableIfStance": [ "Any"],
    "requiresTargetStance": [ "Any"],
    "unusableIfTarget": [ ""],
    "removesStance": "None",
    "requiresStatusEffect": "None",
    "requiresStatusPotency": "0",
    "unusableIfStatusEffect": [ "Stun"],
    "power": "25",
    "minRange": "90",
    "maxRange": "110",
    "recoil": "0",
    "targetType": "single",
    "statusEffect": "Willpower",
    "statusChance": "75",
    "statusDuration": "8",
    "statusPotency": "-10",
	"statusEffectScaling": "0",
    "statusResistedBy": "Willpower",
    "statusText": "Gaunt's Allure",
    "descrip": "Smexy sliem.",
    "outcome": "[AttackerName] giggles as she sensually passes her hands all over her body, her gooey slime causing her skin to shimmer, and [TargetName] can't help but keep [TargetHisOrHer] eyes locked on her!",
    "miss": "[AttackerName] giggles as she sensually passes her hands all over her body, but [TargetName] resists her advances!",
    "statusOutcome": "[TargetName] becomes flustered at the sight of [AttackerName]'s advances! Your Willpower has been lowered!",
    "statusMiss": "",
    "restraintStruggle": "",
    "restraintStruggleCharmed": "",
    "restraintEscaped": "",
    "restraintEscapedFail": ""
}
