{
    "name": "Slimy Caress",
    "cost": "0",
    "costType": "ep",
    "requiredLevel": "0",
    "learningCost": "100",
    "skillType": "attack",
    "statType": "Core",
    "requiredStat": "5",
    "skillTags": [ ""],
    "fetishTags": [ "Monstrous"],
    "startsStance": "",
    "requiresStance": "Any",
    "unusableIfStance": [ "Any"],
    "requiresTargetStance": [ "Any"],
    "unusableIfTarget": [ ""],
    "removesStance": "None",
    "requiresStatusEffect": "None",
    "requiresStatusPotency": "0",
    "unusableIfStatusEffect": [ "Stun"],
    "power": "25",
    "minRange": "90",
    "maxRange": "110",
    "recoil": "0",
    "targetType": "single",
    "statusEffect": "Luck",
    "statusChance": "75",
    "statusDuration": "8",
    "statusPotency": "-10",
	  "statusEffectScaling": "0",
    "statusResistedBy": "Willpower",
    "statusText": "Gaunt's Doom",
    "descrip": "Stroke stroke.",
    "outcome": "[AttackerName] uses [AttackerHisOrHer] smooth hands and gooey tentacles to stroke [TargetName]'s body, covering [TargetHimOrHer] with sweet mucus! [AttackerHeOrShe] chuckles softly at [TargetHisOrHer] expression as [AttackerHisOrHer] slime seeps into [TargetHimOrHer], filling [TargetHimOrHer] with strange, irresistible pleasure!",
    "miss": "[AttackerName] tries to caress [TargetName]'s body, but [TargetHeOrShe] manages to keep [AttackerHisOrHer] eager hands and tentacles away!",
    "statusOutcome": "As [TargetName] shudders from the infusion of slime, [TargetHeOrShe] can feel... something draining away from [TargetHimOrHer]! Judging by [AttackerName]'s eerie laughter, it can't be good... Your Luck has been lowered!",
    "statusMiss": "",
    "restraintStruggle": "",
    "restraintStruggleCharmed": "",
    "restraintEscaped": "",
    "restraintEscapedFail": ""
}
