{
    "name": "Slimy Swallow",
    "cost": "0",
    "costType": "ep",
    "requiredLevel": "0",
    "learningCost": "0",
    "skillType": "attack",
    "statType": "Technique",
    "requiredStat": "0",
    "skillTags": ["Sex"],
    "fetishTags": ["Oral"],
    "startsStance": "Blowjob",
    "requiresStance": "Any",
    "unusableIfStance": ["Any"],
    "requiresTargetStance": ["Any"],
    "unusableIfTarget": ["Sex", "Anal", "Enfolded"],
    "removesStance": "None",
    "requiresStatusEffect": "None",
    "requiresStatusPotency": "0",
    "unusableIfStatusEffect": ["None"],
    "power": "25",
    "minRange": "90",
    "maxRange": "110",
    "recoil": "0",
    "targetType": "single",
    "statusEffect": "Technique",
    "statusChance": "75",
    "statusDuration": "8",
    "statusPotency": "-10",
	"statusEffectScaling": "0",
    "statusResistedBy": "Willpower",
    "statusText": "Gaunt's Embrace",
    "descrip": "Nom the penis.",
    "outcome": "[AttackerName] keeps [TargetName] firmly in place with her wing-arms before gobbling on [TargetName]'s cock, humming contently as she starts bobbing up and down on it!",
    "miss": "[AttackerName] tries to get [TargetName]'s dick in [AttackerHisOrHer] slimy mouth, but [TargetName] manages to back away!",
    "statusOutcome": "[ThePlayerName] gasps in pleasure as [AttackerName] skillfully wraps her tongue around [TargetHisOrHer] cock, leaving [TargetHimOrHer] vulnerable! Your Technique has been lowered!",
    "statusMiss": "",
    "restraintStruggle": "",
    "restraintStruggleCharmed": "",
    "restraintEscaped": "",
    "restraintEscapedFail": ""
}
