{
    "name": "Slimy Enfolding",
    "cost": "0",
    "costType": "ep",
    "requiredLevel": "0",
    "learningCost": "0",
    "skillType": "statusEffect",
    "statType": "Core",
    "requiredStat": "0",
    "skillTags": [ "Seduction"],
    "fetishTags": [ "Monstrous"],
    "startsStance": "",
    "requiresStance": "Any",
    "unusableIfStance": [ "Any"],
    "requiresTargetStance": [ "Any"],
    "unusableIfTarget": [ "Any"],
    "removesStance": "None",
    "requiresStatusEffect": "",
    "requiresStatusPotency": "0",
    "unusableIfStatusEffect": [ ""],
    "power": "0",
    "minRange": "100",
    "maxRange": "100",
    "recoil": "0",
    "targetType": "single",
    "statusEffect": "None",
    "statusChance": "250",
    "statusDuration": "2",
    "statusPotency": "0",
    "statusResistedBy": "Technique",
    "statusText": "",
    "descrip": "",
    "outcome": "",
    "miss": "",
    "statusOutcome": "|f|CallCombatEventAndScene|/|NightGauntCombatEvents|/|Slimy Enfolding",
    "statusMiss": "",
    "restraintStruggle": "With a start, [ThePlayerName] realizes he's been getting a bit too comfortable in [AttackerName]'s clutches and hurriedly tries to slip away from her!",
    "restraintStruggleCharmed": "",
    "restraintEscaped": "|f|CallCombatEventAndScene|/|NightGauntCombatEvents|/|BreakFree!",
    "restraintEscapedFail": "But [TargetName] isn't able to escape [AttackerName]'s intimate hug, and remains tightly trapped in her slimy prison!"
}
