{
    "name": "Slimy Coating",
    "cost": "5",
    "costType": "ep",
    "requiredLevel": "0",
    "learningCost": "100",
    "skillType": "statusEffect",
    "statType": "Power",
    "statusEffectScaling": "30",
    "requiredStat": "5",
    "skillTags": [ "Buffs"],
    "fetishTags": [ ""],
    "startsStance": "",
    "requiresStance": "Any",
    "unusableIfStance": [ "Any"],
    "requiresTargetStance": [ "Any"],
    "unusableIfTarget": [ ""],
    "removesStance": "None",
    "requiresStatusEffect": "None",
    "requiresStatusPotency": "0",
    "unusableIfStatusEffect": [ "Slimy Armor"],
    "power": "0",
    "minRange": "100",
    "maxRange": "100",
    "recoil": "0",
    "targetType": "single",
    "statusEffect": "Defence",
    "statusChance": "100",
    "statusDuration": "8",
    "statusPotency": "10",
    "statusResistedBy": "",
    "statusText": "Slimy Armor",
    "descrip": "She shoots her goo my dude.",
    "outcome": "",
    "miss": "",
    "statusOutcome": "[AttackerName] exudes slime in renewed amounts, coating [AttackerHimOrHer]self in purplish goo, making [AttackerHisOrHer] body harder to stimulate!",
    "statusMiss": "",
    "restraintStruggle": "",
    "restraintStruggleCharmed": "",
    "restraintEscaped": "",
    "restraintEscapedFail": ""
}
