{
    "name": "Slippery Boob Teasing",
    "cost": "0",
    "costType": "ep",
    "requiredLevel": "0",
    "learningCost": "100",
    "skillType": "attack",
    "statType": "Allure",
    "requiredStat": "5",
    "skillTags": [ "Breasts"],
    "fetishTags": [ "Breasts", "Monstrous"],
    "startsStance": "",
    "requiresStance": "Any",
    "unusableIfStance": [ "Any"],
    "requiresTargetStance": [ "Any"],
    "unusableIfTarget": [ ""],
    "removesStance": "None",
    "requiresStatusEffect": "None",
    "requiresStatusPotency": "0",
    "unusableIfStatusEffect": [ "Stun"],
    "power": "30",
    "minRange": "90",
    "maxRange": "110",
    "recoil": "0",
    "targetType": "single",
    "statusEffect": "Willpower",
    "statusChance": "75",
    "statusDuration": "8",
    "statusPotency": "-10",
	"statusEffectScaling": "0",
    "statusResistedBy": "Willpower",
    "statusText": "Gaunt's Allure",
    "descrip": "Squish.",
    "outcome": "[AttackerName] moans as she presses her breasts against [TargetName]'s chest, soaking [TargetHimOrHer] with her mucus and causing a gasp to escape [TargetHimOrHer] as [TargetHeOrShe] feels her nipples pressing into [TargetHimOrHer]!",
    "miss": "[AttackerName] attempts to press her breasts against [TargetName]'s chest but [TargetHeOrShe] steps away, leaving her embarrassed as she loses her balance for a moment!",
    "statusOutcome": "[TargetName] becomes flustered at the feeling of [AttackerName]'s mucus-coated breasts! Your Willpower has been lowered!",
    "statusMiss": "",
    "restraintStruggle": "",
    "restraintStruggleCharmed": "",
    "restraintEscaped": "",
    "restraintEscapedFail": ""
}
