{
    "name": "Darkened Corridor",
    "CardType": "Event",
    "CardLimit": "1",
    "Description": "There have been reports about a particularly dim section of the caverns, one where the darkness seems to take a life of its own and exceptionally dangerous monsters dwell. Some adventurers have even suggested that these tenebrous corridors are entryways into a dreamlike realm where humans are taken never to return, but such assumptions have been dismissed as the fruit of overimaginative minds. Nevertheless, since many have fallen prey to the ravenous monster girl that seems to have made this area her territory, adventurers have been advised to exercise caution when approaching the place and, preferably, to steer clear of it.",
    "requires": [ ""],
    "Speakers": [
                  {
                    "name": "Night Gaunt",
                    "postName": "",
                    "SpeakerType": "Monster"
                  }
                ],
    "EventText": [
                    {
                        "NameOfScene": "EventStart",
                        "theScene": [ "IfProgressEqualsOrGreater", "1", "VisitedAlready",
									  "ChangeBGM", "../Mods/NightGauntsLair/Music/Purple Planet Music - Melancholia (1_24) 120bpm.mp3",
									  "After a stretch of uneventful trekking through the mazelike underground, you reach the dim corridors that have given birth to so much wild speculation.",
                    "ChangeBG", "CavernsDark.png",
                    "As you heard, they are oppressively dark, without a single overhead crack or luminous crystal to serve as a source of light. Breaking out the torch you took with you in preparation, you slowly proceed, careful not to trip on the uneven ground.",
									  "Your progress through the pitch-black area is... disquieting. Try as you might to keep your cool, you can't help but feel that the halo cast by the flames is abnormally diminutive. Along with the crackling of the torch, your own breath and footsteps are the only sounds you can hear, and they feel incredibly noisy to your ears, amidst the corridors' tenebrous silence.",
									  "Your heart tight in your chest and your free hand awkwardly held out in front of you for balance, you venture deeper and deeper into the eerie realm of obscurity, until you reach a more spacious chamber.",
                    "As you take in your surroundings by your torch's flickering light, you are startled by a sound resembling the beating of wings above you. You immediately turn to its source, but find nothing... until a pair of glowing eyes emerge from the darkness and a soft giggle echoes through the tunnel...",
									  "DisplayCharacters",
									  "1",
									  "EndLoop",
									  "A hovering humanoid shape slowly comes forward, kept afloat by the steady, silent beating of leathery wings. The creature looks like a horned demoness with impressive claws jutting out of her wings, and a body covered in wriggling tentacles that drips a slimy substance. Taking a quick glance at your Grimoire, you are at least somewhat relieved to see that it identifies the monster girl as a 'Night Gaunt.'",
                    "While you're wondering what you should do, the female figure takes a good look at you, showing a happy expression as she speaks in a low, husky, whisper-like voice.",
									  "Speaks",
									  "... Ah... A cute boy in my lair...",
									  "The tendrils keeping her mouth out of your view part, revealing her lips, which are curled into a lustful grin! She blushes, her wings beating faster and her tentacles wiggling toward you possessively.",
									  "Speaks",
									  "... I'll eat you up.♥",
									  "Then with a few powerful flaps, she launches herself at you at high speed!",
									  "ChangeProgress", "1",
                                      "JumpToScene",
                                      "GauntMenu"
                                  ]
                    },
					{
                        "NameOfScene": "VisitedAlready",
                        "theScene": [ "ChangeBGM", "../Mods/NightGauntsLair/Music/Purple Planet Music - Melancholia (1_24) 120bpm.mp3",
				         		"Once more, you make your way to the dark corridors leading into the unknown portions of the caverns where the Night Gaunt makes her lair.",
									  "ChangeBG", "CavernsDark.png",
									  "Lighting a torch, you make your way in and, once more, try to keep your cool and still the beating of your heart as you delve deeper.",
									  "DisplayCharacters",
									  "1",
									  "EndLoop",
									  "It doesn't take long for the shining eyes of the Night Gaunt to appear in the pitch-black darkness, the demon-like girl already poised to pounce on you. As before, her tendrils part to reveal her mouth, and she licks her lips hungrily as she eyes you up.",
									  "Speaks",
									  "... You came back... Now you're mine.♥",
									  "With a beat of her wings, she launches herself at you at high speed!",
									  "JumpToScene",
                                      "GauntMenu"
                                  ]
                    },
					{
                        "NameOfScene": "GauntMenu",
                        "theScene": [ "Menu",
									  "Brace for a fight!",
									  "Make a run for it!",
                    "Let her have you.",
                                      "EndLoop"
                                  ]
                    },
					{
                        "NameOfScene": "Brace for a fight!",
                        "theScene": [ "You get ready for battle, the eerie sound of the Night Gaunt's devious tittering echoing through the darkened caverns!",
                                      "CombatEncounter", "NoRunning",
                                      "Night Gaunt",
                                      "StartCombat",
								                  	  "With the Night Gaunt satisfied, you are free to continue on your way, traversing the darkness for many minutes more. As your torch starts to burn low, you begin to panic, until a distant glimmer makes you breathe a hearty sigh of relief.",
                                      "ChangeBG", "Caverns.png",
								                   	  "Rushing at the light, you find yourself back to the more easily navigable parts of the caverns. You also realize the tunnel you just exited is eerily similar to the one you initially entered to confront the Night Gaunt... Unless it's the same one?",
								                  	  "Preferring not to dwell on the implications, you shake your head and proceed onward. It takes a while before you can shake off the feeling that you're being watched from the darkness."
									  ]
					},
					{
                        "NameOfScene": "Make a run for it!",
                        "theScene": [ "Spooked by the demonic Night Gaunt, you turn tail and dash through the dark tunnels!",
                                      "StatCheck",
                                      "Technique",
                                      "20",
                                      "GauntAvoided",
                                      "Fail",
                                      "FailedToRun"
									  ]
					},
					{
                        "NameOfScene": "FailedToRun",
                        "theScene": [ "Despite your best efforts, the Night Gaunt is faster! With a mighty leap, she pounces on you, pinning you to the ground! You can feel her hot, lustful breath on your neck...",
                                      "ApplyStatusEffect",   "Slimy Embrace",
								                  	  "Before you can react, she wraps you in her large wings, tightly hugging you against her. Bringing her face closer to yours, she shows a triumphant smile, her mouth glistening with her gooey saliva!",
								                   	  "CombatEncounter", "NoRunning",
                                      "Night Gaunt",
                                      "ApplyStance", "Enfolded", "Restrainer",
                                      "StartCombat",
                                      "With the Night Gaunt satisfied, you are free to continue on your way, traversing the darkness for many minutes more. As your torch starts to burn low, you begin to panic, until a distant glimmer makes you breathe a hearty sigh of relief.",
                                      "ChangeBG", "Caverns.png",
								                   	  "Rushing at the light, you find yourself back to the more easily navigable parts of the caverns. You also realize the tunnel you just exited is eerily similar to the one you initially entered to confront the Night Gaunt... Unless it's the same one?",
								                  	  "Preferring not to dwell on the implications, you shake your head and proceed onward. It takes a while before you can shake off the feeling that you're being watched from the darkness."
									  ]
					},
					{
                        "NameOfScene": "GauntAvoided",
                        "theScene": [ "Dashing like a bat out of hell, you manage to dodge the Night Gaunt's pounce and sprint into the darkness. Thanks to your strong legs, you are able to quickly distance yourself from the demon girl, only hearing a pouty whine from her as she attempts to give chase.",
                                      "Speaks",
                                      "No... come back... I'll make you feel very good...♥",
                                      "DisplayCharacters",
                                      "EndLoop",
                                      "Repressing a shudder of lust, you don't slow down, and after a few more moments of running, you only hear a final, faraway whisper of longing. Relieved, you slow down to catch your breath.",
                                      "Once you've recovered and are sure that you've lost her, you resume your progress, traversing the darkness until you eventually see a light at the end of the tunnel.",
                                      "ChangeBG", "Caverns.png",
                                      "Rushing at it, you find yourself back to the more easily navigable parts of the caverns. You also realize the tunnel you just exited is eerily similar to the one you initially entered to confront the Night Gaunt... Unless it's the same one?",
								                  	  "Preferring not to dwell on the implications, you shake your head and proceed onward. It takes a while before you can shake off the feeling that you're being watched from the darkness."
									  ]
					},

          {
                        "NameOfScene": "Let her have you.",
                        "theScene": [ "ChangeBGM", "music/Loss/Falling Down.mp3",
                                      "Instead of putting up a fight or running away, you just stand there, leaving yourself easy prey for the Night Gaunt, your stance making it clear that you have no intention of resisting her. For an instant, the monster girl appears genuinely puzzled by your reaction, a twinkle of surprise and confusion showing in her eyes.",
                                      "But her hesitation only lasts a fraction of a second. In the end, she doesn't even flinch, carrying on her headlong flight toward you without slowing down, a fiercely lustful expression painted on her hoary face.",
                                      "When she collides with you, she tackles you in a most predatory manner, her hooked feet grabbing at your legs while her hands push your shoulders. Wincing, you expect a hard crash on the cavern's rocky ground, but to your surprise, you instead hit something soft, leathery and... slightly slimy?",
                                      "Casting a glance behind you, you see that the Night Gaunt has softened your landing with her big wings, safely wrapping you in them... which not-so-incidentally also means that you're all the more securely in her grasp.",
                                      "Looking back to her, you see the monster girl gaze at your prone form with worrying eagerness, her eyes almost shining in the darkness, the wavering light of your dropped torch making her appear all the more eerie and dominant. Showing a gleeful smile, she chuckles triumphantly.",
                                      "Speaks",
                                      "Letting yourself be caught by a hungry monster? How naughty.♥",
                                      "Without giving you even a second to respond, she lunges at you and greedily claims your mouth, frantically kissing you. Dazed by the sudden assault, you feel her wrap her arms around you, hugging you tightly while carrying out with her sloppy makeout, your lack of resistance having apparently kicked her libido into overdrive.",
                                      "She doesn't even seem to be fully in control of what she's doing, simply following her lustful urges and indulging in your offered body, smooching and licking your face with abandon, her warm, intoxicating breath quickly getting to your head.",
                                      "Speaks",
                                      "Naughty.♥ Naughty.♥ Naughty.♥",
                                      "Meanwhile, she has begun rubbing herself against you, making your cock stand to attention, sending a shiver of excitement through her when she realizes that you're getting quite into it yourself. In a rush, she frees your now erect dick from your tenting clothes and gives it a good, adoring look before positioning herself above you, staring at you with hypnotic intensity.",
                                      "Grabbing your erection, she gives it a few appreciative pumps, grinning at your melting face as she positions herself above it, using her other hand to present her pussy to you, spreading it with two of her fingers with a wicked smile.",
                                      "Speaks",
                                      "Naughty adventurers who surrender to monsters deserve to be eaten.♥",
                                      "She then drops herself on your rigid length, your cock sliding effortlessly into her as she lets out a rapturous rasp, which echoes with your own cry of pleasure when you feel her insides close upon your shaft delightfully.",
                                      "Just like the Night Gaunt herself, her pussy, despite being wonderfully slick, soft, and gooey, is impressively muscular, clenching and wriggling like it has a life of its own, already working energetically to make you ejaculate.",
                                      "However, the monster girl doesn't let you bask in that feeling for long: in a frenzy, she pistons you with unrestrained enthusiasm, hilting herself without any trouble, her slimy insides more than receptive to your manhood's presence. Meanwhile, her impressive bosom bounces up and down mesmerizingly, her nipples stiffening in reaction to her ever-mounting arousal.",
                                      "Her vagina's powerful stimulation makes it hard to resist the pleasure that is assailing you, particularly with how relentlessly she is riding you, the sound of your hips' meeting echoing loudly and wetly through the caverns. You already feel an orgasm approaching, and the Night Gaunt is quick to notice it despite her own enjoyment, redoubling her speed as she spurs you on.",
                                      "Speaks",
                                      "Don't hold back... You can cum as much as you want...",
                                      "PlayerOrgasm", "1",
                                      "In response, you gladly let yourself go over the edge to your mutual bliss, feeling her pussy squeezing your cock even more urgently as you spurt inside the Night Gaunt who happily accepts every drop of seed you have to give her, cooing and moaning gleefully.",
                                      "Completely dropping herself on you, she sensually grinds her hips against your own, delighting in your climactic face and spasms, controlling her movements to make sure you both enjoy yourselves to the fullest, humping at you strongly, then slower and slower, letting you tenderly bask in the afterglow.",
                                      "Joyfully sighing, she remains still for a few seconds, affectionately caressing your face and looking upon you... But the break doesn't last very long, the Night Gaunt giving your cock a small squeeze to remind you that you have much, {i}much{/i} more to give her.",
                                      "Letting her hands slide from your face to your elbows, then down your arms, she grabs hold of your hands and brings them to her breasts, huffing with excitement when you eagerly grab them.",
                                      "Speaks",
                                      "I saw you... looking at them... Feel free to play with them...♥",
                                      "Gladly taking her up on that offer, you start kneading her boobs, sending a pleasured moan out of her mouth and stoking her lust all over again. You can't help but wonder if you shouldn't have done that when she grabs your legs and repositions herself above you in a reverse mating press position.",
                                      "Grinning at you with lunatic lust, she doesn't even give you a word of warning before bringing her hips down against yours, clenching your calves with almost painful strength as she keeps going, her movements quickly regaining speed.",
                                      "You gasp and reflexively squeeze her tits, making her cry out animalistically and ride you even more powerfully, throwing away all restraint and assaulting your freshly regrowing dick with her churning pussy.",
                                      "PlayerOrgasm", "1",
                                      "Before long, she has broken your resistance and you cum again, eliciting an otherworldly high-pitched scream of ecstasy from her as she trembles atop you, her face a mask of indulgent sexual felicity.",
                                      "Unlike the previous time, however, she doesn't stop for even a second, instead pinning you all the more forcefully and slamming you with all her strength, the pleasure turning painful in its intensity.",
                                      "But the Night Gaunt doesn't show any signs of stopping, her flip having been switched for good, the eldritch monster girl now hellbent on going on until she's milked you absolutely dry.",
                                      "PlayerOrgasm", "2",
                                      "Another orgasm hits you... Then another, the relentless mating turning your body into a receptacle of aching ecstasy.",
                                      "PlayerOrgasm", "5",
                                      "After a while, you're no longer even sure if you're still orgasming, or if the pleasure is just constantly rampaging through you as the monster girl keeps tirelessly bouncing on you, having completely lost herself to her base instincts.",
                                      "PlayerOrgasm", "99",
                                      "Gradually, you feel your consciousness fade away, the uninterrupted slapping sounds, the huffing and howling of the Night Gaunt, and the burning feeling of your blissfully sore pelvis accompanying you as everything goes dark...",
                                      "ChangeFetish", "Sex", "10",
                                      "ChangeFetish", "Monstrous", "5",
                                      "ChangeSensitivity", "Pain", "5",
                                      "ChangeSensitivity", "Sex", "5",
                                      "GameOver"



									  ]
					},
					{
                          "NameOfScene": "Event Broke",
                          "theScene": [ "aaaaa event broke!!! now is a good time to PANIC."
                                    ]
                      }
	]
}
