{
    "name": "Slimy Embrace",
    "cost": "5",
    "costType": "ep",
    "requiredLevel": "0",
    "learningCost": "200",
    "skillType": "statusEffect",
    "statType": "Power",
    "statusEffectScaling": "25",
    "requiredStat": "7",
    "skillTags": [ "Pain"],
    "fetishTags": [ ""],
    "startsStance": "",
    "requiresStance": "Any",
    "unusableIfStance": [ "Any"],
    "requiresTargetStance": [ "Any"],
    "unusableIfTarget": [ ""],
    "removesStance": "None",
    "requiresStatusEffect": "None",
    "requiresStatusPotency": "0",
    "unusableIfStatusEffect": [ "Restrain"],
    "power": "0",
    "minRange": "0",
    "maxRange": "0",
    "recoil": "0",
    "targetType": "single",
    "statusEffect": "Restrain",
    "statusChance": "75",
    "statusDuration": "0",
    "statusPotency": "30",
    "statusResistedBy": "Technique",
    "statusText": "Slimy Hug.",
    "descrip": "",
    "outcome": "",
    "miss": "",
    "statusOutcome": " ",
    "statusMiss": " ",
    "restraintStruggle": "[TargetName] attempts to break [AttackerName]'s slimy embrace...",
    "restraintStruggleCharmed": "",
    "restraintEscaped": "|f|CallCombatEventAndScene|/|NightGauntCombatEvents|/|BreakFree!",
    "restraintEscapedFail": "But between the strength of [AttackerName]'s powerful claws and the slime restraining [TargetHisOrHer] movements, [TargetHisOrHer] struggle is futile, only serving to make [AttackerHimOrHer] more excited!"
}
