{
    "name": "Night Gaunt's Lair",
    "description": "Adds a {b}Darkened Corridor{/b} event to the Caverns, featuring an encounter with a Night Gaunt (lovers of eerie eldritch loving girls rejoice!).\nHas a pre-fight event (with a sex scene if you let it happen, you naughty boy♥), and a fight with 4 loss scenes (Default, Anal/Sex, Enfolded, Oral)",
    "testedFor": {"major": 25, "minor": 4, "patch": 1},
    "version": 1,
    "tags" : [
      "+1 Event",
      "+1 Character",
      "+1 Fight",
      "+5 Sex scenes",
      "Night Gaunt Art (© Monster Girl Encyclopedia)"
    ],
    "credits": "{b}Music{/b}\n{a=https://www.purple-planet.com/}Purple Planet{/a}\n{b}Art{/b}\nMonster Girl Encyclopedia/Kenkou Cross\nSprucing up by Kaa\n{b}Testers{/b}\nepickark\nKaa",
    "authors": [
      "Oluap",
      "Valentin Cognito"
    ],
    "urlLabel": "Wiki Page",
    "url": "https://monstergirldreams.miraheze.org/wiki/Mod:Night_Gaunt%27s_Lair"
}
