{
    "name": "Night Gaunt",
    "IDname": "Night Gaunt",
    "species": "Demon",
    "gender": "female",
    "description": "A tall, pale-skinned woman with long, raven-black hair and pointy ears. She sports vibrant purple pupils, and a pair of long, curved horns growing from the sides of her head. Her curvy body is covered in what appears to me a black, mucuous slime, and a mass of tentacles can be seen sprouting out of it, hiding her mouth from view and wrapping themselves around her limbs and body, almost as if groping her.\n\nHer large E-cup breasts sway slightly with her every movement, her nipples alluringly erect under the black film covering her, dripping the same substance. From her back, a massive pair of wings can be seen, boasting large, fully functional clawed hands which seem much stronger than her human-looking arms. A long, viscous tail trails behind her, lashing out excitedly at the sight of her prey.",
    "encyclopedia": "",
    "tags": "none",
    "generic": "True",
    "requires": [ ""],
    "skillList": [ "Predatory Glare", "Slimy Enfolding", "Slimy Teasing", "Slimy Puff Puff", "Slimy Kissing", "Slimy Coating", "Slimy Lather", "Slimy Allure", "Slippery Boob Teasing", "Slimy Swallow", "Slimy Sucking", "Slimy Grinding", "Slimy Caress", "Slimy Honeypot" ],
    "perks": [ "Clingy", "Enduring Body", "Expert Tongue", "Pacing", "Semen Eater", "Semen Frenzy", "Unshackled" ],
    "stats": { "lvl": "40",
              "Exp": "600",
              "max_hp": "850",
              "max_ep": "10",
              "max_sp": "1",
              "Power": "35",
              "Technique": "30",
              "Intelligence": "15",
              "Allure": "35",
              "Willpower": "10",
              "Luck": "20"
    },
    "Fetishes": [ ""],
    "BodySensitivity": { "Sex": "75",
              "Ass": "80",
              "Breasts": "90",
              "Mouth": "75",
              "Seduction": "100",
              "Magic": "75",
              "Pain": "125",
              "Holy": "140",
              "Unholy": "50"
    },
    "resistancesStatusEffects": {
              "Stun": "25",
              "Charm": "0",
              "Aphrodisiac": "50",
              "Restraints": "85",
              "Sleep": "999",
              "Trance": "0",
              "Paralysis": "0",
			  "Debuff": "40"
    },
    "moneyDropped": "1400",
    "ItemDropList": [
					  {
                        "name": "Insomnia Rune",
                        "dropChance": "20"
                      },
					  {
                        "name": "Sinister Black Gloves",
                        "dropChance": "15"
                      },
					  {
                        "name": "Cloak Of Shadows",
                        "dropChance": "10"
                      }
                    ],
    "lossScenes": [
                    {
                        "NameOfScene": "DefaultLoss",
                        "move": "",
                        "stance": "",
                        "includes": [ "Night Gaunt"],
                        "theScene": [ "ChangeBGM", "music/Caverns/Purple Planet Music - Emotional - Darkness (1_55) 94bpm.mp3",
                                      "Overwhelmed by the Night Gaunt's erotic attentions, your resistance crumbles. Exhausted, barely able to stand, your vision clouded by lust, you can only powerlessly face her.",
                                      "Calmly abandoning her fighting stance, the winged monster girl patiently approaches you, obviously relishing your place as a cornered animal, drinking in your tired, defiant expression as she alights to walk up to you.",
                                      "You take a step back on wobbly legs, but in response, the hoary woman just raises her hands, making soothing cooing noises as she slows her pace.",
                                      "Speaks",
                                      "Don't worry... I won't hurt you...",
                                      "She keeps coming forward quietly, step by step, her tentacles almost unmoving, her large wings neatly folded at her sides, her one visible eye looking at you with something that looks like... affection?",
                                      "Speaks",
                                      "It's alright... You did your best...",
                                      "Her gentle voice seems to reverberate through your taxed mind, the sounds of her shuffling gait strangely mesmerizing. Despite yourself, you relax your guard, staring at her in bleary confusion, and she lets out a soft, happy sigh.",
                                      "Speaks",
                                      "That's it...♥",
                                      "She carefully lifts a hand. Unspeaking, unmoving, you keep your eyes on her smooth, long fingers, unable to oppose her as she delicately lays her palm on your head and strokes it, ruffling your hair with her gaze now fixed on you, the sight of her purple iris hypnotic in the darkness of her room.",
                                      "ChangeBGM", "music/Relaxing/Purple Planet Music - Dreamy - A Touch Of Zen (4_25) 62bpm.mp3",
                                      "Speaks",
                                      "You can relax now... Let me make you feel good.♥",
                                      "With a moan of comfort and tiredness, you let your muscles unclench and immediately lose your balance, inadvertently falling face-first into the generous bosom of the Night Gaunt who makes no effort to avoid you, giving you a pleasant, squishy landing, filling you with the intoxicating scent and feel of her smooth, yielding skin.",
                                      "She lets out a low giggle in response and gently grabs hold of your shoulders, letting her neck tentacles part to lay a long, sweet kiss on your forehead, its sound and sensation reverberating through your whole being, making you even more docile and complacent.",
                                      "Her hands slide down your shoulders and over your torso, coming to rest on your nipples which she skillfully teases, carefully kneading them with her fingers, filling you with renewed pleasure and making your flagging cock twitch in response as the winged woman hums appreciatively.",
                                      "Speaks",
                                      "Such a nice body... I love it...♥",
                                      "After a few more moments of giving your chest attention, she lets go of one of your nipples to let her other hand slide down your body, spreading her slime all over your sensitive skin, like filling a blank canvas.",
                                      "The gooey substance is sending pleasant tingles through you, and though a small part of you is preoccupied by those foreign sensations, the rest is too immersed in the Night Gaunt's sight and in the lovely stimulations she's giving you to care about it.",
                                      "You shudder when you feel something else moving over your lower body, and become aware of her tentacles now eagerly lapping your calves and thighs, smearing them with more mucus. Alarmingly, you realize the smooth tingles are sapping the last bit of strength you had left in your legs.",
                                      "Unable to stand any longer, you drop on the spot, but before you collapse, the Night Gaunt's large hand-wings pick you up, lifting you off the ground and cradling you tenderly.",
                                      "Speaks",
                                      "There, there.♥",
                                      "Her impressive, oozing clawed hands gently graze your skin, more and more slime seeping into you, like she is gradually feeding you with her very essence, making you feel more and more of her, filling you with nothing but her.",
                                      "Speaks",
                                      "Do you want me to make you feel very good?♥",
                                      "At that point, her questing hands and appendages have inflamed your lust all over again. Incapable of denying her, you nod eagerly, and she chuckles affectionately in response, positively delighted to have you so needy and pliant in her grasp.",
                                      "Speaks",
                                      "Then don't worry about anything... Just let me take care of you...",
                                      "Obediently, you relax, letting your head fall against her breasts to her obvious contentment. You let her explore more of you, giving her free rein over you, swimming in bliss from her continued attentions and the melty feeling of her gooey secretions.",
                                      "When you feel one particularly long, thin, and dripping tentacle venture near your buttocks, you can't help but stir a little, but the Night Gaunt comfortingly pats your head, letting out soothing little 'Shh-...' that coax you back into docility.",
                                      "Speaks",
                                      "Don't be afraid... It will feel very good... Very good...",
                                      "She repeats gentle words in a calming litany, and you half-close your eyes in happiness, only letting out a low moan as her appendage makes its way into your butt, new pleasure radiating through your sensitized skin. All the while, she hasn't stopped caressing you and massaging you, making you weakly gasp, put into a tantric trance by her ministrations.",
                                      "Your eyes misty with lust, you look up at her, and see only overwhelming, unquestionable affection in her stare, which seems to pierce straight into your putty-like mind and push aside every one of your concerns to leave only mutual love for the sublime Night Gaunt.",
                                      "Softly, with careful rubbing and wriggling, her tentacle moves in and out of your ass, until you let out a weak erotic cry when it unctuously slides against your prostate, the stimulation making you squirt out a small jet of precum, prompting from your lover a cry of delight whose very sound seems to redouble the ecstasy you are experiencing.",
                                      "Speaks",
                                      "Very good! Very good!♥",
                                      "Her movements all over your body and into your butt intensify, making you echo her enthusiastic thrills with throaty moans of pleasure, your dick now standing at full attention, in contrast to your softened pliant body. Licking her lips, she salivates at the sight of your precumming cock and, without stopping her caresses for one second, bends down to line up her mouth with your proudly erect and painfully throbbing manhood.",
                                      "Speaks",
                                      "Give it... Do it... Do it...",
                                      "Her urgent words are compounded by her ever-quicker movements, and you are now inarticulatedly rattling in her grasp, reflexively making twitchy humping motions with your hips, in tune with her prodding and massaging.",
                                      "When she opens her mouth wide and a bit of her slimy drool falls on your glans, it's like a dam breaks within you: gasping powerlessly in bliss, you shoot out a spurt of semen straight into her waiting maw, which she more than gladly receives.",
                                      "Speaks",
                                      "Aaaahn~ More...♥",
                                      "Your unresisting body and mind obey in unison to fulfill her desires: your vision goes white as you cum more for her, unable to restrain yourself at the sight of her hungry mouth getting sprayed with more and more of your seed, the thought that you're filling her, {i}feeding her{/i} irresistibly erotic.",
                                      "All the while, she gives her full attention to playing you like an instrument, bumping your prostate, tweaking your nipples, scratching you with her claws, and generally running her hands all over your body, completely saturating your nerves with nothing but mind-searing ecstasy, shutting off all your other senses...",
                                      "Eventually, some degree of consciousness returns to you as your orgasm subsides, and the Night Gaunt brings her lips to your dick for a good, careful suck, pulling out the last droplets of cum out of your shaft.",
                                      "When she opens her mouth to show how full of your semen it is, you somehow feel happier than you've ever been, an explosion of joy spreading through your now exhausted frame as you start losing consciousness, still in your lover's embrace.",
                                      "Now completely devoid of energy, you lay your head back against her and let your eyes close themselves, your last vision striking you with one final bolt of felicity: that of the Night Gaunt gulping down your seed with a throaty, orgasmic moan...",
                                      "ChangeFetish", "Monstrous", "5",
                                      "ChangeSensitivity", "Ass", "5",
                                      "ChangeSensitivity", "Breasts", "3",
							                        "ChangeSensitivity", "Seduction", "3"
                                  ],
                        "picture": ""
                    },
					{
                        "NameOfScene": "PenetrationLossVaginal",
                        "move": "",
                        "stance": "Sex",
                        "includes": [ "Night Gaunt"],
                        "theScene": [ "Completely overwhelmed by the pleasure, you are left at the Night Gaunt's mercy as she shoves you down and continues to ride your cock without a break. You gasp as she milks another load out of you, the eldritch demoness shuddering in delight as she feels your cum pouring into her womb.",
                                      "Speaks",
                                      "You are so tasty... Mmmm...!♥",
                                      "She gyrates her hips, and you gasp as you are splattered with her lewd mucus, its demonic properties making you even more sensitive and keeping you nice and hard for her continued riding. Moaning happily, she takes a moment to look down at your pleasured expression with amusement before leaning down over you.",
                                      "As she gazes into your eyes, her neck tentacles part to reveal her glittering lips, curled into a smile. She slows her movements, and you feel the slimy sensation of her viscous tail trailing over your testicles, giving you a wet and soft massage.",
                                      "You gasp from the foreign, tingly feeling of her tail skillfully fondling your balls, and the Night Gaunt brings a finger to your mouth as she watches your reaction.",
                                      "Speaks",
                                      "Sssssshh... Don't be afraid... I'll make you feel good... just like you're making me feel good.♥",
                                      "PlayerOrgasm", "1",
                                      "She picks up her pace again, her slime dripping down on your chest as she still towers over you, moans of pleasure escaping both her and you as she rides you and keeps servicing your testes, slathering them with her lewd goo, making them extra sensitive to her tender touch. Soon enough, you pour another load into her as she slams her hips into yours, causing her to bite her lip in delight.",
                                      "Gasping and heaving, you try to catch your breath, but before you have any chance to recover, the demoness lays herself completely flat on top of you, her breasts squashed against your chest and her face looming over yours. You feel her large wings wrapping around you, keeping you tightly trapped under her as she continues to ride your extremely sensitive cock.",
                                      "Snug in this delicious slimy prison, you feel the last of your resistance evaporate, melting from the feeling of her exquisite pussy gripping and sliding over your burning cock. Letting out a soft chuckle of triumph, the Night Gaunt brings her hands to your face, caressing your cheeks as she presses her lips into yours. In reaction, you find yourself unthinkingly wrapping your arms around her back, locking you both tighter in the slimy hug.",
                                      "PlayerOrgasm", "1",
                                      "Her naughty tentacles caress your body all over, from your torso to your legs, and her tail continues to tenderly massage and fondle your balls, stimulating you to produce and release more for her. She hums happily in your kiss as you explode yet again, intoxicated by the feeling of her mucus.",
                                      "At this point, you can think of nothing more than to surrender to her gooey affection and feed her all the cum she wants, and you start thrusting your hips up to meet with her. Cooing with joy, she squeezes herself against you, splattering you with more of her slime, as if to praise you for being so eager.",
                                      "Stroking your face, smooching you again and again, she wraps her tongue around yours and gasps heavy breaths into you, clearly on the verge of an orgasm of her own as she continues to gyrate her hips and milk your cock for all it is worth. Completely dominated by the powerful, hungry monster girl and her delightful pussy, you are left completely helpless under her, eager to shoot more cum into her hungry slit.",
                                      "PlayerOrgasm", "1",
                                      "As you cum one more time, growing spent from the constant stimulation, she caresses your hair and continues to lovingly kiss you as her naughty womb devours all of your seed, her clawed wings and toes curling from her own pleasure as she shudders over you, coming to an orgasm that thoroughly splatters your crotch with her gooey love juice.",
                                      "Taking a moment to bask in the climactic afterglow, she pants heavily as she finally breaks the kiss, leaving you barely conscious as your Recall Stone starts to activate. Seeing you fade away, she lets out a regretful sigh but finally dismounts your cock, not one drop of semen escaping her pussy while her tail sways happily after being done massaging your balls one last time.",
                                      "Speaks",
                                      "...Thank you.♥",
                                      "The Night Gaunt looks down on your tired face with a sweet smile, bringing a hand to stroke your cheek before leaning down and giving you one last chaste kiss before you are finally sent away for good...",
                                      "ChangeFetish", "Sex", "5",
                                      "ChangeFetish", "Monstrous", "5",
                                      "ChangeSensitivity", "Sex", "5"
                      ],
                        "picture": ""
                    },
					{
                        "NameOfScene": "PenetrationLossAnal",
                        "move": "",
                        "stance": "Anal",
                        "includes": [ "Night Gaunt"],
                        "theScene": [ "Completely overwhelmed by the pleasure, you are left at the Night Gaunt's mercy as she shoves you down and continues to ride your cock without a break. You gasp as she milks another load out of you, the eldritch demoness shuddering in delight as she feels your cum pouring into her ass.",
                                      "Speaks",
                                      "You are so tasty... Mmmm...!♥",
                                      "She gyrates her hips, and you gasp as you are splattered with her lewd mucus, its demonic properties making you even more sensitive and keeping you nice and hard for her continued riding. Moaning happily, she takes a moment to look down at your pleasured expression with amusement before leaning down over you.",
                                      "As she gazes into your eyes, her neck tentacles part to reveal her glittering lips, curled into a smile. She slows her movements, and you feel the slimy sensation of her viscous tail trailing over your testicles, giving you a wet and soft massage.",
                                      "You gasp from the foreign, tingly feeling of her tail skillfully fondling your balls, and the Night Gaunt brings a finger to your mouth as she watches your reaction.",
                                      "Speaks",
                                      "Sssssshh... Don't be afraid... I'll make you feel good... just like you're making me feel good.♥",
                                      "PlayerOrgasm", "1",
                                      "She picks up her pace again, her slime dripping down on your chest as she still towers over you, moans of pleasure escaping both her and you as she rides you and keeps servicing your testes, slathering them with her lewd goo, making them extra sensitive to her tender touch. Soon enough, you pour another load into her as she slams her hips into yours, causing her to bite her lip in delight.",
                                      "Gasping and heaving, you try to catch your breath, but before you have any chance to recover, the demoness lays herself completely flat on top of you, her breasts squashed against your chest and her face looming over yours. You feel her large wings wrapping around you, keeping you tightly trapped under her as she continues to ride your extremely sensitive cock.",
                                      "Snug in this delicious slimy prison, you feel the last of your resistance evaporate, melting from the feeling of her exquisite ass gripping and sliding over your burning cock. Letting out a soft chuckle of triumph the Night Gaunt brings her hands to your face, caressing your cheeks as she presses her lips into yours. In reaction, you find yourself unthinkingly wrapping your arms around her back, locking you both tighter in the slimy hug.",
                                      "PlayerOrgasm", "1",
                                      "Her naughty tentacles caress your body all over, from your torso to your legs, and her tail continues to tenderly massage and fondle your balls, stimulating you to produce and release more for her. She hums happily in your kiss as you explode yet again, intoxicated by the feeling of her mucus.",
                                      "At this point, you can think of nothing more than to surrender to her gooey affection and feed her all the cum she wants, and you start thrusting your hips up to meet with her. Cooing with joy, she squeezes herself against you, splattering you with more of her slime, as if to praise you for being so eager.",
                                      "Stroking your face, smooching you again and again, she wraps her tongue around yours and gasps heavy breaths into you, clearly on the verge of an orgasm of her own as she continues to gyrate her hips and milk your cock for all it is worth. Completely dominated by the powerful, hungry monster girl and her delightful rear, you are left completely helpless under her, eager to shoot more cum into her hungry ass.",
                                      "PlayerOrgasm", "1",
                                      "As you cum one more time, growing spent from the constant stimulation, she caresses your hair and continues to lovingly kiss you as her naughty ass devours all of your seed, her clawed wings and toes curling from her own pleasure as she shudders over you, coming to an orgasm that thoroughly splatters your crotch with her gooey love juice.",
                                      "Taking a moment to bask in the climactic afterglow, she pants heavily as she finally breaks the kiss, leaving you barely conscious as your Recall Stone starts to activate. Seeing you fade away, she lets out a regretful sigh but finally dismounts your cock, not one drop of semen escaping her ass while her tail sways happily after being done massaging your balls one last time.",
                                      "Speaks",
                                      "...Thank you.♥",
                                      "The Night Gaunt looks down on your tired face with a sweet smile, bringing a hand to stroke your cheek before leaning down and giving you one last chaste kiss before you are finally sent away for good...",
                                    "ChangeFetish", "Ass", "5",
                                    "ChangeFetish", "Monstrous", "5",
								                  	"ChangeSensitivity", "Sex", "5"
                                  ],
                        "picture": ""
                    },

                    {
                                  "NameOfScene": "LossEnfolded",
                                  "move": "",
                                  "stance": "Enfolded",
                                  "includes": [ "Night Gaunt"],
                                  "theScene": [ "Trapped in the Night Gaunt's inescapable grasp, completely at her mercy, you stop struggling with a final, feeble shiver to the sound of the demoness's heaving breaths, your resistance having made her even more excited than she initially was.",
                                                "Letting out a cackling laughter at your melting face, hazy expression, and spent cock, she doesn't waste a single second and rips at your remaining clothes, muttering lustfully while rubbing her hands all over your body with worshipful eagerness. You squirm in a last-ditch attempt to escape her, but your feistiness only stokes her libido, the monster girl babbling feverishly.",
                                                "Speaks",
                                                "Sh sh sh... No no no... You're mine now... Mine mine mine...",
                                                "Unable to contain herself, she grabs your face and lets her neck tentacles part to gluttonously kiss you, moaning rapturously as she lavishes your lips and tongue with attention, unreserverdly sucking on it and exploring the confines of your mouth with her own tongue, as if to savor every part of you.",
                                                "Even as she pulls back, she lets her neck tentacles play with your mouth and the rest of your face, making you gulp more and more of her slime. Its taste is making your mind increasingly fuzzy, and you're finding it harder and harder to focus on anything but your reemerging arousal from the Night Gaunt's dominant makeout.",
                                                "Squealing in delight at your reaction, she casts away all pretense of restraint and wraps her arms around you, hugging you tightly and pressing your face into her large breasts, sending a bolt of pleasurable submissive happiness through you as her soft bosom fills your entire vision. Despite the gooey, heavenly cushion, you can hear her as she continues to ramble predatorily.",
                                                "Speaks",
                                                "Mine mine mine... All mine...",
                                                "Almost crushing you in her embrace, she cradles you in her grasp, caressing your back while she indulgently sticks her nose against the top of your head and sniffs your hair, trembling in bliss from your smell alone.",
                                                "Meanwhile, her hands keep going down until they reach your buttocks, which she grabs and kneads eagerly, rubbing your ass to her heart's content while making happy cooing noises and grinding against you with animalistic humping motions.",
                                                "Speaks",
                                                "My beautiful prey... You're all mine...♥",
                                                "Completely engulfed in her gooey hug, you feel your reason leaving you as her mucus takes hold of your brain and her wings close upon you for good, cocooning you with the Night Gaunt, leaving you with nothing but her...",
                                                "ChangeBG", "blankScreen.png",
                                                "In the now complete darkness, you can hear her heavy, slightly raspy breathing, feel her smooth, soft, dripping skin, and most of all smell the sweet scent of her slime as it now all but bathes you, making you swim in a delirious, horny daze that reawakens your libido.",
                                                "Noticing your regrowing erection, the eerie woman lets out a cry of joy that she quickly cuts short as she gives your head another squeeze between her breasts, apparently embarrassed at her outburst.",
                                                "Speaks",
                                                "Aah... I'll give you... A fantastic hug...",
                                                "Around you, you can feel the Night Gaunt's appendages wriggle, stretching out of her curvaceous frame to crawl all over you, grabbing at you, caressing you like so many eager hands to the content sighs of the demoness who seems to be feeling as much pleasure as her smooth and gentle appendages are giving you, their touch giving you goosebumps and making your cock all the harder, to her cooing encouragement.",
                                                "You gasp and draw a shuddering breath, filling your nose with even more of her intoxicating perfume while your skin becomes awash with gooey pleasure, all of your senses drowning in the presence of your otherworldly lover.",
                                                "Your mind now completely clouded in arousal, you moan needily in her cleavage, to which she responds readily by burying your face in it. Meanwhile, her tentacles are working themselves into a frenzy, slithering questingly over your body, looking for your sensitive spots to stimulate them.",
                                                "They rub your erect nipples, grasp greedily at your thighs and buttocks, appreciatively lap at your pecs, and even pass over your lips and ears, affectionately filling them with lewd slimy sounds.",
                                                "Blindly bringing your hips forward, you are immediately met with a gleeful titter as your entire length is welcomingly engulfed in something soft, warm, and wriggly that immediately starts moving all around your shaft.",
                                                "You have no idea whether you're having sex with the Night Gaunt or have just penetrated some other part of her eldritch gooey body, but being as debilitatingly horny as you are, you couldn't care less and promptly start thrusting with a happy muffled noise.",
                                                "The monster girl laughs again as she caresses your head with her hands and keeps stimulating the rest of you with her appendages while her lower body massages your manhood. With how excited you are, you already feel close to the edge, and she is all too glad to take you the rest of the way.",
                                                "You don't even need to move, her sublime churning pussy(?) providing you with delightful sensations, rapidly coaxing a big load out of you, your semen flowing out of your dick and into her with disconcerting ease. More than blowing your load, it feels like she's effortlessly drawing your cum out of your balls, the alien sensation blissfully smoother and more drawn out than a regular ejaculation.",
                                                "Speaks",
                                                "Yes... Yes... Very good...♥ You will give me more, won't you?",
                                                "Smiling dumbly, you vaguely nod, the Night Gaunt rewarding you with gentle headpats and more unctuous, wriggly pleasure all over your body, making you incredibly relaxed. It's like you're literally melting into her...",
                                                "Belatedly, whatever small part of you isn't swimming in ooey-goey ecstasy realizes that your orgasm hasn't stopped, and neither has the flow of your cum, which keeps pouring into the demonic girl, getting you off in a constant, sustained stream of sexual bliss.",
                                                "Speaks",
                                                "You will give me everything, won't you?♥",
                                                "At this point, you've completely lost control and just let it happen, riding the exquisite slow burn, happily giving your lover all you have, feeling your balls empty wonderfully as you lose yourself more and more into the extended, slimy climax.",
                                                "Your perceptions grow more indistinct by the second, and you lose any notion of how much time passes or even where you are, until all that's left is pleasure, and the fuzzy awareness that the Night Gaunt is here to receive all of your seed.",
                                                "Even as you lose consciousness, you keep feeling the orgasmic sensations running through your being, the mind-blowing experience only stopping when, abruptly, you wink out of the demoness's grasp, your mind carrying the sound of her frustrated whine as your Recall Stone brings you back to safety...",
                                                "ChangeFetish", "Monstrous", "11",
                                                "ChangeFetish", "Breasts", "2",
          								                    	"ChangeSensitivity", "Sex", "7"
                                            ],
                                  "picture": ""
                              },
					{
                        "NameOfScene": "OralLoss",
                        "move": "",
                        "stance": "Blowjob",
                        "includes": [ "Night Gaunt"],
                        "theScene": [ "Having lost all energy to keep fighting, you are left completely helpless as the ravenous Night Gaunt keeps bobbing up and down on your cock, powerfully sucking on your dick to draw out every bit of your cum. A content smile grows on her face as you stop resisting, and once she's completely milked out your ejaculation, she finally lets go of your dick.",
                                    "Speaks",
									"You are so delicious... I could keep {i}drinking{/i} you for hours... Though I feel you wouldn't last that long, heehee...♥",
									"The thought of being serviced for hours by the demoness sends a shiver of both worry and anticipation through your spine, and the Night Gaunt giggles as she looks into your eyes.",
									"Speaks",
									"Ah... Don't worry, my cute prey... I'll make sure you enjoy yourself as much as I will...♥",
									"The eldritch monster girl shoves you down on your back, deftly using her large wings to keep you from hitting the ground. As she leans over you, you reflexively throw your hands up in defense, only for her to clasp them, interlocking her fingers with yours as she pushes you the rest of the way onto the cavern floor.",
                  "Speaks",
                  "There's no point in resisting.♥",
                  "Giving your hands a playful squeeze, the Night Gaunt directs her attention back to your still erect cock. Taking heavy, hungry breaths, she starts circling your glans with her tongue while keeping you firmly pinned with her weight, leaving you unable to do anything but gasp at the sensation of her nimble tongue over your sensitive head.",
									"She titters mischievously as she watches you squirm under her, then starts giving long, agonizingly slow licks to your entire length, your engorged manhood little more than a lollipop for her to taste.",
									"Her gooey saliva starts covering your crotch, and you moan in pleasure as your cock grows more and more sensitive by the second. Clenching your muscles in reaction, you unconsciously hold on tighter onto her hands as she continues her teasing service.",
									"Speaks",
									"Mmm... You're so cute when you squirm like that...♥ It's like you {i}want{/i} me to eat you up...♥",
									"PlayerOrgasm", "1",
									"The Night Gaunt licks her lips before suddenly gobbling down your cock, and you practically yell as she goes all the way, easily deepthroating your entire length. The sudden rush of pleasure is enough to make you cum on the spot, and she hums delightfully as she drinks up your semen, keeping your dick firmly lodged inside her throat the whole time.",
									"As your orgasm subsides, the demoness slowly goes up and down your length to guide you to a wonderful, mind-numbing afterglow, wrapping her tongue around your cock, giggling as she indulges in your taste. Her eyes look up to yours as she continues to keep you pressed down, squeezing your hands as she watches you bask in her exquisite oral servicing.",
									"You gasp and moan, any thought of resistance evaporating from your mind, leaving you at the mercy of the monster girl's hungry maw. You draw a shuddering breath as the tentacles around her neck venture forward and begin massaging your testicles, further enhancing the wonderful blowjob, the wet, squirming feeling of her lewd mucus quickly driving you to the edge again.",
									"The Night Gaunt's tongue keeps going round and round your cock as she continues to deepthroat it, her tentacles squeezing and fondling your balls, stimulating you to produce more cum for her to drink. You completely lose yourself to the pleasure as she keeps hungrily devouring you, her glistening eyes shining in the darkness as she intently watches your ecstatic face.",
									"PlayerOrgasm", "1",
									"Before long, you pour another, thicker load into her, the Night Gaunt tightening her hold on you as she eagerly swallows your seed, not letting a drop escape her maw while her tentacles fondle and massage your balls even more thoroughly, as if in praise for a job well done.",
									"Gasping from the fatigue, your body relaxes as your Recall Stone starts activating, and the Night Gaunt allows your cock to leave her mouth with a lewd slurping sound. Still clinging onto your hands, she looks at you with a forlorn expression.",
									"Speaks",
									"Mmmmmm... My delicious, cute prey...♥ Do you really want to leave?",
                  "Regardless of your stance on the matter, you can feel yourself fading away. Looking longingly at your prone form, she gives your face a gentle caress and sultrily whispers.",
                  "Speaks",
                  "You have fed me well... Let me give you a parting gift...♥",
									"The Night Gaunt lowers herself, and you watch as she allows your sensitive, spent-yet-still-erect cock to rest on her face while delivering wet smooches to your balls, covering them further in her lewd mucus before passing her long tongue over them. You gasp in delight at the feeling, while the monster girl basks in your taste and scent even as you start disappearing.",
									"Speaks",
									"Produce a lot of cum for me, okay...?♥ I will be waiting...♥",
									"Before you are sent away completely, you feel the demoness deliver one last, loving kiss to your balls, and you feel almost disheartened that you could not spend more time with her, indulging in her wet, slimy affection.",
									"ChangeFetish", "Oral", "5",
                  "ChangeFetish", "Monstrous", "5",
									"ChangeSensitivity", "Sex", "5"
                                  ],
                        "picture": ""
                    }
                  ],
    "combatDialogue": [
                       {
                            "lineTrigger": "SetMusicTo",
                            "move": "",
                            "theText": [ "../Mods/NightGauntsLair/Music/Purple Planet Music - Predator (1_30) 122bpm.mp3"]
                        },
					   {
                            "lineTrigger": "HitWith",
                            "move": "Spank",
                            "theText": [ "'Mmm! M-More...♥'",
                                        "'A-Ah...♥'",
                                        "'H-Harder...!♥'"]
                        },
                        {
                          "lineTrigger": "HitWith",
                          "move": "Whip",
                          "theText": [ "Her eyes roll up and she bites her lip in delight.",
                                      "'Mmm!♥♥♥'",
                                      "'Aahhh... Feels so good...♥'"]
                        },
                        {
                          "lineTrigger": "HitWith",
                          "move": "Demon Layer",
                          "theText": [ "|f|CallCombatEventAndScene|/|NightGauntCombatEvents|/|Eldritch Rush|/|"]
                        },
                        {
                          "lineTrigger": "HitWith",
                          "move": "Holy Headpat",
                          "theText": [ "She looks at you with a flustered blush, smiling meekly.",
                                    "'... Am I cute?' Her tail sways excitedly."]
                        },
						{
                          "lineTrigger": "HitWith",
                          "move": "Analyze",
                          "theText": [ "'...I see you peeking.♥'"]
                        },
                        {
                          "lineTrigger": "HitWith",
                          "move": ["Bondage Net", "Magical Binding"],
                          "theText": [ "'Ah, mm... S-So tight...♥'",
                                      "She moans out as she feels the bonds press into her mucous skin."]
                        },
                        {
                          "lineTrigger": "HitWith",
                          "move": "Pin",
                          "theText": [ "Feeling the full weight of your body on her, she breathes heavily and her face turns red in excitement.",
                                      "'S-So strong.♥'",
                                      "'Aah, mm.♥♥' She squirms under you expectantly."]
                        },
                        {
                          "lineTrigger": "HitWith",
                          "move": ["Lewd Bottle", "Cloying Mist", "Placebo Pheromone"],
                          "theText": [ "'Tasty.♥'",
                                      "'I'm getting hot and bothered...♥'"]
                        },
                        {
                            "lineTrigger": "HitWith",
                            "move": "Electrify",
                            "theText": [ "'Mmmmmh!'",
                                        "'T-Tingly...♥'",
                                        "She shudders from the shock, sending droplets of mucus all around her."]
                        },
                        {
                          "lineTrigger": "HitWith",
                          "move": "Finger",
                          "theText": [ "Your fingers are covered with a black film.",
                                      "'Mmm.'",
                                      "'... Tease.'"]
                        },
                        {
                          "lineTrigger": "HitWith",
                          "move": "Dildo",
                          "theText": [ "'Scared?♥'",
                                      "'Give me... the real thing.'"]
                        },
                        {
                          "lineTrigger": "HitWith",
                          "move": "Grope Ass",
                          "theText": [ "'Harder!'",
                                      "'Why are you being so delicate?'"]
                        },
                        {
                          "lineTrigger": "HitWith",
                          "move": ["Squeeze Ass", "Massage Ass", "Fondle Ass"],
                          "theText": [ "'That's it... Lose yourself in my ass.♥'",
                                      "'Be rougher...♥'"]
                        },
                        {
                          "lineTrigger": "HitWith",
                          "move": "Breast Caress",
                          "theText": ["'...You like them?♥'",
                                      "Your fingers are coated in her black film as you caress her tits."]
                        },
                        {
                          "lineTrigger": "HitWith",
                          "move": ["Breast Massage", "Breast Knead", "Breast Fondle"],
                          "theText": [ "'Heehee...♥'",
                                      "'... I'll smother you with them.♥♥'"]
                        },
                        {
                          "lineTrigger": "HitWith",
                          "move": "Suckle",
                          "theText": [ "'... Does my slime taste good?♥'",
                                      "'... You're cute.♥'"]
                        },
                        {
                            "lineTrigger": "HitWith",
                            "move": "Penetrate",
                            "theText": [ "'... I'll eat you up now.♥'",
                                        "'... Are you sure that's a good idea?♪'",
                                        "'... Mmmmm.♥ Feed me.♥'"]
                        },
                        {
                          "lineTrigger": "HitWith",
                          "move": ["Thrust", "Channeling Thrust"],
                          "theText": [ "'Mmm!♥'",
                                      "'More...♥'"]
                        },
                        {
                          "lineTrigger": "HitWith",
                          "move": ["Pound", "Multi Thrust", "Empowered Thrust", "Carrying Fuck"],
                          "theText": [ "'O-Ooh! M-More!♥♥'",
                                      "'Harder! Faster!♥'"]
                        },
                        {
                          "lineTrigger": "HitWith",
                          "move": ["Tantric Thrust", "Passionate Lovemaking"],
                          "theText": ["She shields her face with her hands, blushing furiously!",
                                      "'O-Ooh, mmm...♥ So cute...♥'",
                                      "'Th-This feels weird... b-but good...♥♥♥'"]
                        },
                        {
                            "lineTrigger": "HitWith",
                            "move": "Anal Penetration",
                            "theText": [ "'You think I can't eat you up from there?... You're mistaken.♥'",
                                        "'...Are you sure that's a good idea?♪'",
                                        "'...Mmmmm.♥ Feed me.♥'"]
                        },
                        {
                          "lineTrigger": "HitWithA",
                          "move": ["Thrust", "Channeling Thrust"],
                          "theText": [ "'Mmm!♥'",
                                      "'More...♥'"]
                        },
                        {
                          "lineTrigger": "HitWithA",
                          "move": ["Pound", "Multi Thrust", "Empowered Thrust", "Carrying Fuck", "Anal Piston"],
                          "theText": [ "O-Ooh! M-More!♥♥'",
                                      "'Harder! Faster!♥'"]
                        },
                        {
                          "lineTrigger": "HitWithA",
                          "move": ["Tantric Thrust", "Passionate Lovemaking"],
                          "theText": ["She shields her face with her hands, blushing furiously!",
                                      "'O-Ooh, mmm...♥ So cute...♥'",
                                      "'Th-This feels weird... b-but good...♥♥♥'"]
                        },
                        {
                            "lineTrigger": "HitWith",
                            "move": "Ear Tease",
                            "theText": [ "She giggles gingerly as her ear twitches.",
                                        "'... You like pointed ears?♥'",
                                        "'Oooh. Heeheehee...♥'"]
                        },
						{
                            "lineTrigger": "HitWith",
                            "move": "Kiss",
                            "theText": [ "'Chu.♥'",
                                        "She giggles sweetly as she returns your brief kiss."]
                        },
                        {
                            "lineTrigger": "HitWith",
                            "move": "Make Out",
                            "theText": [ "'Mmmmmm. Taste my mucus.♥'",
                                        "'Hee... Heehee...♥'",
                                        "Her neck tentacles tickle your skin as you press your lips into hers."]
                        },
						{
                            "lineTrigger": "HitWith",
                            "move": ["Deep Kiss", "Lovingly Rough Kiss", "Skillfully Passionate Kiss", "Misty Kiss"],
                            "theText": [ "'More... kisses...♥'",
                                        "You taste her lewd, fiendish saliva as she wraps her tongue around yours.",
                                        "'...You taste good.♥'"]
                        },

                        {
                                        "lineTrigger": "HitWith",
                                        "move": ["Sensually Seductive Kiss"],
                                        "theText": [ "'O-Oh, that's new...♥'",
                                                    "'Mmh... Give me more...♥'",
                                                    "She shows a sweet smile while staring back at you with an intense look in her eyes."]
                        },
                        {
                          "lineTrigger": "HitWith",
                          "move": ["Charm", "Charm Wave"],
                          "theText": [ "'Ah...♥ I'm so hungry...♥♥♥'",
                                      "'Mmmhhh.♥ You're not going anywhere now...♥♥♥'"]
                        },
                        {
                          "lineTrigger": "HitWith",
                          "move": "Sleep",
                          "theText": [ "'That is not dead which can eternal lie, and with strange aeons even death may die.'"
                                      ]
                        },
                        {
                          "lineTrigger": "HitWith",
                          "move": ["Enfeeble", "Sensitize"],
                          "theText": [ "'My strength fails me...?'",
                                      "'Ah... I feel weak...'",
                                      "She shudders in discomfort, causing some mucus to drip beneath her."]
                        },
                        {
                          "lineTrigger": "HitWith",
                          "move": ["Disarming Appeal"],
                          "theText": [ "'Don't worry... I'll take good care of you...'",
                                      "'Did I spook you?♥'",
                                      "'Don't be afraid of the dark.♥'"]
                        },
                        {
                          "lineTrigger": "HitWith",
                          "move": ["Arouse", "Arousara", "Arousero"],
                          "theText": [ "'My mucus shields me.♪'",
                                      "'Mh-mh-mh, your mortal magic is not very effective...'",
                                      "'... That tickles.♪'"]
                        },
                        {
                          "lineTrigger": "HitWith",
                          "move": ["Seduce", "Enamor", "Smoldering Seduction", "Smoldering Flaunt", "Mass Seduction"],
                          "theText": [ "'R-Really...?♥'",
                                      "'D-Don't say weird things...'",
                                      "'Th-Thanks.'"]
                        },

                        {
                          "lineTrigger": "HitWith",
                          "move": ["Massaging Seduction"],
                          "theText": [ "'O-Oh no... I could get used to this...♥'",
                                       "'No one's ever been this gentle with me...♥'" ]
                        },
						{
                          "lineTrigger": "HitWith",
                          "move": ["Face Fuck"],
                          "theText": [ "'Mmph?!♥' Her tail sways excitedly as you attempt to take charge.",
                                       "'Mmm!! Tastes so good!♥'"]
                        },

						{
                            "lineTrigger": "UsesMove",
                            "move": "Slimy Allure",
                            "theText": [ "'Come to me...♥'",
                                      "'Ah... Imagine yourself... indulging in my body...♥'",
									                    "'Have no fear...♥'"]
                        },
						{
                            "lineTrigger": "UsesMove",
                            "move": "Slimy Caress",
                            "theText": [ "'Heeheehee. So handsome...♥'",
                                      "'Mmmmm. Feels good, doesn't it?♥'",
									                    "'I'll cover you up.♥'"]
                        },
                        {
                            "lineTrigger": "UsesMove",
                            "move": "Slimy Coating",
                            "theText": [ "'You won't win.♥'",
                                        "'My body is unassailable.'",
                                       "'I won't lose to you, prey.♥'"]
                        },
						{
                            "lineTrigger": "UsesMove",
                            "move": "Slimy Grinding",
                            "theText": [ "'Feed me! Feed me feed me feed me!!♥'",
                                      "'Fill me up... You know you want to...♥'",
									                    "'Your cock is {i}mine{/i}.♥'"]
                        },
						{
                            "lineTrigger": "UsesMove",
                            "move": "Slimy Kissing",
                            "theText": [ "'Mmmm.♥ Tasty human...♥'",
                                      "'Mmmhh. Chu. Mwah.♥'",
								                  	  "'Taste my slime.♥'"]
                        },
						{
                            "lineTrigger": "UsesMove",
                            "move": "Slimy Lather",
                            "theText": [ "'...Splash.♥'",
                                         "'Prepare to feel... very good...♥'",
                                         "'Just stand still...'"]
                        },
						{
                            "lineTrigger": "UsesMove",
                            "move": "Slimy Puff Puff",
                            "theText": [ "'I'll break you with my tits.♥'",
                                      "'I'll never let you go.♥'",
							                  		  "'You are right where you belong.♥'"]
                        },
						{
                            "lineTrigger": "UsesMove",
                            "move": "Slimy Sucking",
                            "theText": [ "'Haaa... Haaa... Delicious...♥'",
							                     		  "'Delicious... Mine...♥'",
						                    			  "'... I'll suck you dry...♥'"]
                        },
						{
                            "lineTrigger": "UsesMove",
                            "move": "Slimy Swallow",
                            "theText": [ "'I'll devour you.♥'",
							                    		  "'Haa... I need a taste of that cock...♥'",
								                    	  "'Feed me a lot...♥'"]
                        },
						{
                            "lineTrigger": "UsesMove",
                            "move": "Slimy Teasing",
                            "theText": [ "'All mine. All mine...♥♥'",
                                      "'Give in to the ecstasy...♥'",
								                  	  "'Are your breasts sensitive, little human?'"]
                        },
						{
                            "lineTrigger": "UsesMove",
                            "move": "Slippery Boob Teasing",
                            "theText": [ "'Do you want to feel them...? To taste them...?♥'",
                                      "'My breasts are yours... if you give in.♥'",
								                   	  "'Imagine coating my tits with your cum...♥'"]
                        },

                        {
                            "lineTrigger": "LowHealth",
                            "move": "",
                            "theText": [ "'Aahh... I feel so good...♥'",
                                      "'T-This human is too good...♥'"]
                        },
                        {
                            "lineTrigger": "PlayerLowHealth",
                            "move": "",
                            "theText": [ "'Mmmm. You're almost there.♥'",
							                           "'I can't wait to taste your semen.♥'"]
                        },
            {
                            "lineTrigger": "OnPlayerOrgasm",
                            "move": "Enfolded",
                            "theText": [ "With your body trapped in the Night Gaunt's embrace and your cock pressed against her pleasantly smooth, gooey body, your resistance crumbles and you cum, spraying her belly with your seed as she coos congratulatorily. 'Such a nice little human.♥'",
                                         "'Shh, it's alright, you did your best... Just relaxing for a bit won't hurt, right?' The Night Gaunt's tempting words seem to seep right into your mind, sapping all self-restraint and putting a dopey smile on your face as you let yourself go, emptying your balls against the hugging monster girl.",
                                         "Showing a sweetly domineering expression, the Night Gaunt gently takes your head between her hands and presses your face between her breasts, whispering salacious words of encouragement culminating with a wet, resounding kiss on your ear, sending you over the edge and making you cum with abandon, much to her lustful joy."
                                      ]
                                    },
						{
                            "lineTrigger": "OnPlayerOrgasm",
                            "move": "Sex",
                            "theText": [ "The slick insides of the Night Gaunt's gooey pussy keep churning like they have a mind of their own, relentlessly assaulting your cock's entire length. Unable to resist, you give in and cum, sending her confines into a frenzy, each fold feeling like an individual tongue lapping at your glans and greedily drinking your semen.",
                                         "'I'm so thirsty... so hungry! Give it to me! Flood my pussy with your cum!' Unable to resist her, you give her just what she wants, throwing your head back and cumming inside her to her obvious delight, the eerie monster girl crying out in bliss.",
                                         "'Yes! Yes! Yesss!♥' With the Night Gaunt slapping her hips against yours in a lustful frenzy, you get caught up in her pace, and before you realize it, you're set on getting yourself off! With a final impact of your pelvis against hers, you orgasm, reveling in the feeling of her slimy confines as they absorb your seed."
                                      ]
                        },
                        {
                            "lineTrigger": "OnPlayerOrgasm",
                            "move": "Anal",
                            "theText": [ "The slick insides of the Night Gaunt's gooey ass keep churning like they have a mind of their own, relentlessly assaulting your cock's entire length. Unable to resist, you give in and cum, sending her confines into a frenzy, each fold feeling like an individual tongue lapping at your glans and greedily drinking your semen.",
                                         "'I'm so thirsty... so hungry! Give it to me! Flood my ass with your cum!' Unable to resist her, you give her just what she wants, throwing your head back and cumming inside her to her obvious delight, the eerie monster girl crying out in bliss.",
                                         "'Yes! Yes! Yesss!♥' With the Night Gaunt slapping her hips against yours in a lustful frenzy, you get caught up in her pace, and before you realize it, you're set on getting yourself off! With a final impact of your pelvis against hers, you orgasm, reveling in the feeling of her slimy confines as they absorb your seed."
                                      ]
                        },
						{
                            "lineTrigger": "OnPlayerOrgasm",
                            "move": "Making Out",
                            "theText": [ "'Mwmwah... Why resist?♥ Go ahead, give me your {i}delicious{/i} cum.♥' Unable to hold back, you relax and cum as the Night Gaunt resumes kissing you hungrily, shivering happily as your semen splatters her gooey body, which immediately absorbs your seed.",
                                         "While you're struggling to hold back the tide of your approaching orgasm, the Night Gaunt suddenly deepens her kiss, teasing and wrestling your tongue with hers while her neck tentacles amorously caress your face. Melting into the otherworldly kiss, you give in and cum, blissfully emptying your balls while she fills your mouth with more of her sweet slime."
                                      ]
                        },
                        {
                                        "lineTrigger": "OnPlayerOrgasm",
                                        "move": "Blowjob",
                                        "theText": [ "Your cock bathed in her gooey slime, your shaft sucked by her powerful mouth, and your glans relentlessly teased by her nimble tongue, you can't take it anymore and unload powerfully, shooting out your cum straight into her throat. The Night Gaunt doesn't even flinch, happily accepting your seed without breaking her pace for a second. If anything, you've stimulated her appetite...",
                                                     "Relentlessly bobbing her head up and down on your dick and covering it in frantic kisses and licks, the Night Gaunt lets out a joyful 'MmMMh!!!♥♥' when you finally release inside her, a rapturous expression on her face as she savors every drop of cum that you give her."
                                                  ]
                                    },
						{
                            "lineTrigger": "OnPlayerOrgasm",
                            "move": "",
                            "theText": [ "Pushed over the edge by the Night Gaunt's lewd demonstrations, you can't hold back and cum, spilling your semen on the cavern's floor to the dismay of the demonic monster girl who hisses unhappily at the sight of your wasted seed. 'Next time, I want it... in me!'",
                                         "Seeing you about to break, the Night Gaunt giggles with venomous sweetness and makes sure to put on a show for you, fingering herself while moaning whorily, filling you with the unbearable urge to cum. Despite your best efforts, you give in, spraying your semen to the sound of the monster girl's erotic laughter."
                                      ]
                        },
                        {
                            "lineTrigger": "OnOrgasm",
                            "move": "",
                            "theText": [ "Letting out a piercing orgasmic cry that reverberates through the caverns' darkened corridors, the",
                                         "'I-I can't take it anymore! HhhAAAaaAAA!'"
                                      ]
                        },
                        {
                            "lineTrigger": "OnSurrender",
                            "move": "",
                            "theText": [ "'...Mine.♥'",
							                           "'Ah... I'll feed much this day.♥'",
                                         "A delighted, hungry smile spreads over the Night Gaunt's face as she licks her lips."]
                        },
						{
                            "lineTrigger": "StanceStruggle",
                            "move": "Sex",
                            "theText": [ "[ThePlayerName] tries to pull out of [AttackerName]'s gooey pussy...",
                                         "Clenching his teeth to ignore the pleasure of [AttackerName]'s churning insides, [ThePlayerName] pushes her away..."]
                        },
                        {
                            "lineTrigger": "StanceStruggleFail",
                            "move": "Sex",
                            "theText": [ "But her slippery body doesn't give you a lot to brace yourself on, and you can't free yourself!",
                                         "But her wriggling insides refuse to let go of your cock, gripping it and pulling it back into the demoness's depths!"]
                        },
                        {
                            "lineTrigger": "StanceStruggleComment",
                            "move": "Sex",
                            "theText": [ "'You won't leave until you're empty.♥'",
                                         "She shoots you a sultry glare and resumes bouncing on your cock, moaning rapturously."]
                        },
                        {
                            "lineTrigger": "StanceStruggleFree",
                            "move": "Sex",
                            "theText": [ "And manages to take his cock out of her slimy confines!"]
                        },
                        {
                            "lineTrigger": "StanceStruggleFreeComment",
                            "move": "Sex",
                            "theText": [ "Screaming in animalistic frustration, she rises with a flap of her wings to face you, angry to have been denied her prize.",
                                         "'I wanted it! And... I... {b}will have it{/b}!'"]
                        },
                        {
                            "lineTrigger": "StanceStruggle",
                            "move": "Anal",
                            "theText": [ "[ThePlayerName] tries to pull out of [AttackerName]'s gooey butt...",
                                         "Clenching his teeth to ignore the pleasure of [AttackerName]'s churning insides, [ThePlayerName] pushes her away..."]
                        },
                        {
                            "lineTrigger": "StanceStruggleFail",
                            "move": "Anal",
                            "theText": [ "But her slippery body doesn't give you a lot to brace yourself on, and you can't free yourself!",
                                         "But her wriggling insides refuse to let go of your cock, gripping it and pulling it back into the demoness's depths!"]
                        },
                        {
                            "lineTrigger": "StanceStruggleComment",
                            "move": "Anal",
                            "theText": [ "'You won't leave until you're empty.♥'",
                                         "She shoots you a sultry glare and resumes bouncing on your cock, moaning rapturously."]
                        },
                        {
                            "lineTrigger": "StanceStruggleFree",
                            "move": "Anal",
                            "theText": [ "And manages to take his cock out of her slimy confines!"]
                        },
                        {
                            "lineTrigger": "StanceStruggleFreeComment",
                            "move": "Anal",
                            "theText": [ "Screaming in animalistic frustration, she rises with a flap of her wings to face you, angry to have been denied her prize.",
                                         "'I wanted it! And... I... {b}will have it{/b}!'"]
                        },
                        {
                            "lineTrigger": "StanceStruggle",
                            "move": "Making Out",
                            "theText": [ "Taking a gasping breath, [ThePlayerName] realizes he's losing himself in the gooey makeout and pushes [AttackerName] away!",
                                         "[ThePlayerName] tries to get away from [AttackerName]'s ravenous gooey mouth..."]
                        },
                        {
                            "lineTrigger": "StanceStruggleFail",
                            "move": "Making Out",
                            "theText": [ "But her intoxicating slime leaves you strengthless and empty-headed, and you can't muster the energy to escape her!",
                                         "But she assertively takes your head between her hands and deepens the kiss in response, dominating your mouth and tongue!"]
                        },
                        {
                            "lineTrigger": "StanceStruggleComment",
                            "move": "Making Out",
                            "theText": [ "'You started it... And I won't let you end it...♥'",
                                         "The vulgar gooey sounds and her lustful moaning fill your ears, tempting you to keep prolonging the sloppy makeout session..."]
                        },
                        {
                            "lineTrigger": "StanceStruggleFree",
                            "move": "Making Out",
                            "theText": [ "And manages to free his mouth from [AttackerName]'s, hurriedly wiping slime off his mouth!",
                                         "And successfully frees his tongue and mouth from [AttackerName]'s!"]
                        },
                        {
                            "lineTrigger": "StanceStruggleFreeComment",
                            "move": "Making Out",
                            "theText": [ "'Don't you like my kisses?♥' She licks her lips suggestively.",
                                         "She looks put out for a moment, then laughs confidently, waiting for your next move."]
                        },

                        {
                            "lineTrigger": "StanceStruggle",
                            "move": "Blowjob",
                            "theText": [ "Grabbing [AttackerName]'s horns, [ThePlayerName] starts pulling her away from his dick!",
                                         "With a start, [ThePlayerName] realizes he's been getting a bit too comfortable with his cock in [AttackerName]'s mouth and hurriedly tries to slip away from her!"]
                        },
                        {
                            "lineTrigger": "StanceStruggleFail",
                            "move": "Blowjob",
                            "theText": [ "But she is having none of it and just sucks harder, making you weak in the knees and firmly keeping you prisoner!",
                                         "But she wraps her flexible tongue around your shaft, keeping you in place!"]
                        },
                        {
                            "lineTrigger": "StanceStruggleComment",
                            "move": "Blowjob",
                            "theText": [ "'Mmh mmh mmmh.♥' She raises her eyes toward yours, a smug glint in her hungry gaze.",
                                         "She bobs her head up and down with renewed fervor in response, making you gasp in pleasure..."]
                        },
                        {
                            "lineTrigger": "StanceStruggleFree",
                            "move": "Blowjob",
                            "theText": [ "And breathes a sigh of relief and triumph as he jumps away from her!",
                                         "And manages to turn [AttackerName]'s slipperiness against her, sliding his cock right out of her mouth!"]
                        },
                        {
                            "lineTrigger": "StanceStruggleFreeComment",
                            "move": "Blowjob",
                            "theText": [ "She hisses furiously and stands back to her full height, clearly unhappy with your successful resistance.",
                                         "'What a naughty prey...' Her tongue flits between her teeth, tempting you to yield to her soft lips and gooey mouth again."]
                        }



                      ],
  "victoryScenes": [
            {
                "NameOfScene": "",
                "move": "",
                "stance": "",
                "includes": [ ""],
                "theScene": [ ""
                          ],
                "picture": ""
            }
        ],
        "pictures": [
                      {
                          "Name": "Base",
                          "StartOn": "1",
                          "AlwaysOn": "1",
                          "IsScene": "0",
                          "TheBody": "1",
                          "Overlay": "No",
                          "setXalign": "0.0",
                          "setYalign": "0.17",
                          "Images": [
                          {
                              "Name": "Base",
                              "File": "../Mods/NightGauntsLair/Images/NightGaunt.png",
                              "setXalign": "0.0",
                              "setYalign": "0.0"
                          }
                        ]
                      }
                    ]
}
