{
    "name": "NightGauntCombatEvents",
    "CardType": "",
    "CardLimit": "0",
    "Description": "",
    "requires": [""],
    "Speakers": [
                  {
                    "name": "Night Gaunt",
                    "postName": "",
                    "SpeakerType": "Monster"
                  }

                ],
    "EventText": [

      {
          "NameOfScene": "Slimy Honeypot",
          "theScene": [ "SetPostName", " - Slimy Honeypot",
                        "Instead of attacking you, the Night Gaunt alights gracefully. Looking at you with a lustful expression, she presents her pussy to you, spreading it open with two of her fingers to show you its wet, gooey insides, oozing with the promise of slimy pleasure.",
                        "FocusedSpeaksSkill",
                        "SwapLineIf", "Random",
                            "'You make me... so hungry... Come feed me... feed me your delicious cum.♥'",
                            "Suggestively shaking her hips in slow, alluring motions, she keeps her molten gaze on you, wordlessly urging you to come and take her.",
                            "'I must have you... Give me your cock...♥'",
                      "EndLoop",
                      "SetPostName","",
                      "IfFetishLevelEqualOrGreater", "Sex", "100", "SexTemptedest",
                      "IfFetishLevelEqualOrGreater", "Sex", "70", "SexTempteder",
                      "IfFetishLevelEqualOrGreater", "Sex", "25", "SexTempted",
                      "StatCheck",
                        "Temptation",
                        "15",
                        "SexMenu",
                        "Fail",
                        "Give it to her!"
                  ]
      },

      {
        "NameOfScene": "SexTempted",
        "theScene": [
                        "The sight of the Night Gaunt's slick pussy is stoking your fetish, tempting you to plow her silly...",
                        "StatCheck",
                          "Temptation",
                          "20",
                          "SexMenu",
                          "Fail",
                          "Give it to her!"
                    ]
      },
              {
                "NameOfScene": "SexTempteder",
                "theScene": [
                                "Your cock twitches at the mere sight of the Night Gaunt's slutty display, the temptation to take her right here and now threatening to overcome your judgment.",
                                "StatCheck",
                                  "Temptation",
                                  "25",
                                  "SexMenu",
                                  "Fail",
                                  "Give it to her!"
                            ]
              },
                      {
                        "NameOfScene": "SexTemptedest",
                        "theScene": [
                                        "Your fetish for sex immediately kicks in, your mind fogging up in a cloud of lust. You want to have sex with her {b}now{/b}!",
                                        "StatCheck",
                                          "Temptation",
                                          "30",
                                          "SexMenu",
                                          "Fail",
                                          "Give it to her!"
                                    ]
                      },

                      {
                        "NameOfScene": "SexMenu",
                        "theScene": [   "Menu",
                                         "Don't give in!",
                                         "Give it to her!",
                                       "EndLoop"
                                    ]
                      },

                      {
                        "NameOfScene": "Don't give in!",
                        "theScene": [   "Looking away from both her waiting pussy and desirous eyes, you turn down the Night Gaunt, taking a calming breath and preparing for your next move.",
                                        "The eldritch monster girl pouts at your resistance, letting out a needy whine, but she shrugs and returns to her battle stance with a flap of her wings.",
                                        "Speaks",
                                        "If you won't give it to me... I'll have to take it!"
                                    ]
                      },

                      {
                        "NameOfScene": "Give it to her!",
                        "theScene": [   "ApplyStance", "Sex",
                                        "Unable to deny her, you rush her and immediately stick your erect cock into her pussy, her wriggling folds immediately welcoming you, the Night Gaunt letting out a blissful moan in response to your eagerness.",
                                        "HitPlayerWith", "Slimy Grinding",
                                        "Already, you can feel her insides working to milk out your semen, lovingly squeezing and caressing your length while the monster girl giggles softly, encouraging you to thrust into her and get yourself off with her exquisitely unctuous pussy. [DamageToPlayer]."
                                    ]
                      },
      {
          "NameOfScene": "Slimy Enfolding",
          "theScene": [ "SetPostName", " - Slimy Enfolding",
                      "FocusedSpeaksSkill",
                      "A predatory glint appears in the Night Gaunt's eye as she spreads her clawed wings and rushes at you, dripping with mucus! It looks like you won't be able to repel her slimy form with just brute force; you'll have to find another way!",
                      "SetPostName", "",
                      "Menu",
                        "Dodge! (Technique)",
                        "Try to break her focus! (Allure)",
                        "Embrace your fate.",
                      "EndLoop"]
      },

      {
        "NameOfScene": "Dodge! (Technique)",
        "theScene": [    "StatCheck",
                          "Technique",
                          "15",
                          "Dodged!",
                          "Fail",
                          "FailedToDodge."
                  ]
      },

      {
        "NameOfScene": "Dodged!",
        "theScene": [    "With an impressive leap, you jump away from the winged woman's reach!",
                         "As you skillfully roll and recover with a nimble bounce, you can hear her moan in frustration. When you get back on your feet to face her, she's returned to a more relaxed stance, though you can still see her breathing more quickly while her big claws make possessive grasping motions toward you."
                  ]
      },

      {
        "NameOfScene": "FailedToDodge.",
        "theScene": [    "You promptly drop to the ground and try to roll below her reach, but instead of escaping her, you fall right in her grasp, the Night Gaunt twisting her pliable body to pick you up with one wing and clench you with the other!",
                         "JumpToScene",
                         "Enfolded."
                  ]
      },

      {
        "NameOfScene": "Try to break her focus! (Allure)",
        "theScene": [    "With her full attention on you and her eyes already enraptured, you react quickly and make sure to put on a show for the eager Night Gaunt to distract her, flaunting your body and casting her a smoldering glance.",
                         "StatCheck",
                         "Allure",
                         "20",
                         "Charmed!",
                         "Fail",
                         "FailedToCharm."
                  ]
      },

      {
        "NameOfScene": "Charmed!",
        "theScene": [    "Captivated by your alluring display, the Night Gaunt keeps staring at you, her wings frozen, gradually slowing down until she's mere feet away from you, her hoary cheeks flush from her helpless arousal, leaving her open to your next move!",
                         "ApplyStatusEffectToMonster",   "Charm"
                  ]
      },

      {
        "NameOfScene": "FailedToCharm.",
        "theScene": [   "Unfortunately, your attempt backfires spectacularly: instead of flustering her, you've just made her even more excited! With a happy cry, she pounces on you, enfolding you in her powerful wings!",
                        "JumpToScene",
                        "Enfolded."
                  ]
      },

      {
        "NameOfScene": "Embrace your fate.",
        "theScene": [   "Unable to keep your excitement and curiosity in check at the idea of being caught and cradled between the Night Gaunt's large wings, you watch her rush you like a deer in the headlights.",
                        "Giggling, her expression tinged with amorous glee, she effortlessly captures you, gently but firmly putting you in a slimy hold.",
                        "JumpToScene",
                        "Enfolded."
                  ]
      },

      {
        "NameOfScene": "Enfolded.",
        "theScene": [    "ApplyStatusEffect",   "Slimy Embrace",
                         "ApplyStance", "Enfolded",
                         "You squirm in her grasp, the Night Gaunt just shuddering thrillfully in reaction, her breath quickening as her neck tentacles part to reveal her mouth, her alluring lips glistening with fresh pinkish saliva.",
                         "Speaks",
                         "All mine now...♥"
                  ]
      },

      {
        "NameOfScene": "BreakFree!",
        "theScene": [  "ClearStances",
          "And by dint of squirming, twisting, and pushing, you manage to slip out of the Night Gaunt's grasp! The eerie woman watches you go away with a dismayed whine, but quickly goes back to an aggressive stance, intent on not letting you escape her for long!"
                    ]
      },

      {
  "NameOfScene": "Eldritch Rush",
  "theScene": [    "IfMonsterHasPerk", "Eldritch Rush", "No More Eldritch Rush",
                   "The Night Gaunt recoils with a startled yell as the holy light of Demon Layer blinds her, but as it subsides, she suddenly drops on all fours, her wings' claws digging into the cavern floor. Her face is contorted into a wide, lewd grin as she huffs out loud!",
                   "GivePerkToMonster", "Eldritch Rush",
                   "Speaks",
                   "SwapLineIf", "Random",
                    "You shouldn't have done that...♥♥♥",
                   "Mmmmm!... I'll punish you for that.♥♥♥",
                   "Playing dirty... I'll pay you back twicefold.♥♥♥",
                   "EndLoop"
            ]
      },

      {
        "NameOfScene": "No More Eldritch Rush",
        "theScene": [   "FocusedSpeaksSkill",
                        "SwapLineIf", "Random",
                        "She huffs even louder, her body twitching from the frantic pleasure and arousal.",
                        "'Aah!♥ You {b}naughty{/b} little prey, you're really asking for it.♥♥♥'",
                        "She lets out a shrill, inhuman cry of excitement, her eyes filled with animalistic frenzy as she prepares to strike back.",
                        "EndLoop"
                    ]
      }
				]
}
